CREATE DATABASE  IF NOT EXISTS `moviles` /*!40100 DEFAULT CHARACTER SET utf8mb4 COLLATE utf8mb4_0900_ai_ci */ /*!80016 DEFAULT ENCRYPTION='N' */;
USE `moviles`;
-- MySQL dump 10.13  Distrib 8.0.31, for Win64 (x86_64)
--
-- Host: localhost    Database: moviles
-- ------------------------------------------------------
-- Server version	8.0.31

/*!40101 SET @OLD_CHARACTER_SET_CLIENT=@@CHARACTER_SET_CLIENT */;
/*!40101 SET @OLD_CHARACTER_SET_RESULTS=@@CHARACTER_SET_RESULTS */;
/*!40101 SET @OLD_COLLATION_CONNECTION=@@COLLATION_CONNECTION */;
/*!50503 SET NAMES utf8 */;
/*!40103 SET @OLD_TIME_ZONE=@@TIME_ZONE */;
/*!40103 SET TIME_ZONE='+00:00' */;
/*!40014 SET @OLD_UNIQUE_CHECKS=@@UNIQUE_CHECKS, UNIQUE_CHECKS=0 */;
/*!40014 SET @OLD_FOREIGN_KEY_CHECKS=@@FOREIGN_KEY_CHECKS, FOREIGN_KEY_CHECKS=0 */;
/*!40101 SET @OLD_SQL_MODE=@@SQL_MODE, SQL_MODE='NO_AUTO_VALUE_ON_ZERO' */;
/*!40111 SET @OLD_SQL_NOTES=@@SQL_NOTES, SQL_NOTES=0 */;

--
-- Table structure for table `academias`
--

DROP TABLE IF EXISTS `academias`;
/*!40101 SET @saved_cs_client     = @@character_set_client */;
/*!50503 SET character_set_client = utf8mb4 */;
CREATE TABLE `academias` (
  `departamento` varchar(10) NOT NULL,
  `nombre` text,
  PRIMARY KEY (`departamento`)
) ENGINE=InnoDB DEFAULT CHARSET=utf8mb4 COLLATE=utf8mb4_0900_ai_ci;
/*!40101 SET character_set_client = @saved_cs_client */;

--
-- Dumping data for table `academias`
--

LOCK TABLES `academias` WRITE;
/*!40000 ALTER TABLE `academias` DISABLE KEYS */;
INSERT INTO `academias` VALUES ('ACB','Academia de Ciencia Básicas'),('ACC','Academia de Ciencias de la Comunicación'),('ACD','Academia de Ciencia de Datos'),('ACS','Academia de Ciencias Sociales'),('AFSE','Academia de Fundamentos de Sistemas Electrónicos'),('AIA','Academia de Inteligencia Artificial'),('AIS','Academia de Ingeniería de Software'),('APETD','Academia de Proyectos Estratégicos y Toma de Decisiones'),('ASDIG','Academia de Sistemas Digitales'),('ASDIS','Academia de Sistemas Distribuidos');
/*!40000 ALTER TABLE `academias` ENABLE KEYS */;
UNLOCK TABLES;

--
-- Table structure for table `alumnos`
--

DROP TABLE IF EXISTS `alumnos`;
/*!40101 SET @saved_cs_client     = @@character_set_client */;
/*!50503 SET character_set_client = utf8mb4 */;
CREATE TABLE `alumnos` (
  `boleta` int NOT NULL,
  `nombre` text,
  `apellidoPrimero` text,
  `apellidoSegundo` text,
  `carrera` text,
  `telefono` varchar(13) DEFAULT NULL,
  `correo` text,
  `curp` text,
  PRIMARY KEY (`boleta`)
) ENGINE=InnoDB DEFAULT CHARSET=utf8mb4 COLLATE=utf8mb4_0900_ai_ci;
/*!40101 SET character_set_client = @saved_cs_client */;

--
-- Dumping data for table `alumnos`
--

LOCK TABLES `alumnos` WRITE;
/*!40000 ALTER TABLE `alumnos` DISABLE KEYS */;
INSERT INTO `alumnos` VALUES (202,NULL,NULL,NULL,NULL,NULL,NULL,NULL),(2024630001,'LUIS RAMON','SERRANO','CEBALLOS','ISC','5510000001','a1@a.com','2024630001'),(2024630002,'JORGE ARMANDO','ARTEAGA','ROCHA','ISC','5510000002','a2@a.com','2024630002'),(2024630003,'RAUL','MONTOYA','DE SANTIAGO','ISC','5510000003','a3@a.com','2024630003'),(2024630004,'ALDRICH JONATHAN','AVILA','SANCHEZ','ISC','5510000004','a4@a.com','2024630004'),(2024630005,'DAVID','TORRES','RAMIREZ','ISC','5510000005','a1@a.com','2024630005'),(2024630006,'JESSE OBED','SAUCILLO','GONZALEZ','IIA','5510000006','a2@a.com','2024630006'),(2024630007,'MIGUEL ANGEL','RODRIGUEZ','TORRES','ISC','5510000007','a3@a.com','2024630007'),(2024630008,'FLAVIO JOSUE','SANCHEZ','DE LOS RIOS','IIA','5510000008','a4@a.com','2024630008'),(2024630009,'GUILLERMO','PINEDA','CUELLAR','ISC','5510000009','a1@a.com','2024630009'),(2024630010,'DANIEL SAID','AVILA','MEJIA','ISC','5510000010','a2@a.com','2024630010'),(2024630011,'LUIS JESUS','NAVA','CLEMENTE','ISC','5510000011','a3@a.com','2024630011'),(2024630012,'BRANDON ANTONIO','CAMPERO','BELECHE','ISC','5510000012','a4@a.com','2024630012'),(2024630013,'BRENDA','VERGARA','MARTINEZ','ISC','5510000013','a1@a.com','2024630013'),(2024630014,'PEDRO ABRAHAM','MOYA','MANCILLA','ISC','5510000014','a2@a.com','2024630014'),(2024630015,'KEVYN ALEJANDRO','PEREZ','LUCIO','IIA','5510000015','a3@a.com','2024630015'),(2024630016,'JUAN LUIS','MOLINA','ACUÑA','ISC','5510000016','a4@a.com','2024630016'),(2024630017,'TABATHA DUBHE','AXOTLA','GONZALEZ','ISC','5510000017','a1@a.com','2024630017'),(2024630018,'IRMIN YAEL','SANCHEZ','RODRIGUEZ','IIA','5510000018','a2@a.com','2024630018'),(2024630019,'ERANDI GUADALUPE','RAMIREZ','AYALA','ISC','5510000019','a3@a.com','2024630019'),(2024630020,'RODRIGO','ORTIZ','MARIN','IIA','5510000020','a4@a.com','2024630020'),(2024630021,'GIBHRAM','CASTRO','RENDON','ISC','5510000021','a1@a.com','2024630021'),(2024630022,'JULIAN','ALCIBAR','ZUBILLAGA','LCD','5510000022','a2@a.com','2024630022'),(2024630023,'MARCO ANTONIO','CRUZ','GOMEZ','ISC','5510000023','a3@a.com','2024630023'),(2024630024,'ITZEL','FLORES','PATIÑO','ISC','5510000024','a4@a.com','2024630024'),(2024630025,'JAYRI ARATH','FUENTES','REYES','ISC','5510000025','a1@a.com','2024630025'),(2024630026,'CINTHIA NAYELLI','GUTIERREZ','JIMENEZ','ISC','5510000026','a2@a.com','2024630026'),(2024630027,'SAUL','HERNANDEZ','ALONSO','ISC','5510000027','a3@a.com','2024630027'),(2024630028,'CESAR ALEJANDRO','LECHUGA','CERVANTES','ISC','5510000028','a4@a.com','2024630028'),(2024630029,'LUIS ANTONIO','MONTOYA','MORALES','ISC','5510000029','a1@a.com','2024630029'),(2024630030,'EZEQUIEL NAHUN','PEREZ','CARBAJAL','ISC','5510000030','a2@a.com','2024630030'),(2024630031,'CARLOS JARED','LOPEZ','DEL CARMEN','ISC','5510000031','a3@a.com','2024630031'),(2024630032,'ALBERTO','PLATA','GONZALEZ','LCD','5510000032','a4@a.com','2024630032'),(2024630033,'ARTURO','MONROY','MORA','ISC','5510000033','a1@a.com','2024630033'),(2024630034,'JESUS EDUARDO','SOLIS','GONZALEZ','ISC','5510000034','a2@a.com','2024630034'),(2024630035,'ERIK ENRIQUE','RIVERA','PONCE','ISC','5510000035','a3@a.com','2024630035'),(2024630036,'ARTURO','ROJAS','CERVANTES','ISC','5510000036','a4@a.com','2024630036'),(2024630037,'BRIAN JULIAN','CALVA','GONZALEZ','IIA','5510000037','a1@a.com','2024630037'),(2024630038,'ADRIAN','RAMIREZ','RAMIREZ','LCD','5510000038','a2@a.com','2024630038'),(2024630039,'YAHAIDA MICHELLE','RAMIREZ','VAZQUEZ','ISC','5510000039','a3@a.com','2024630039'),(2024630040,'ERIC DANIEL','LEGARIA','AGAPITO','ISC','5510000040','a4@a.com','2024630040'),(2024630041,'JOSE LUIS','RODRIGUEZ','VILLEGAS','ISC','5510000041','a1@a.com','2024630041'),(2024630042,'GABRIEL ALBERTO','MORENO','ROJAS','ISC','5510000042','a2@a.com','2024630042'),(2024630043,'FERNANDO ROBERTO','MAGALLANES','RETANA','ISC','5510000043','a3@a.com','2024630043'),(2024630044,'ALEJANDRA','GUZMAN','JIMENEZ','ISC','5510000044','a4@a.com','2024630044'),(2024630045,'FERNANDO','REYES','VIVAR','ISC','5510000045','a1@a.com','2024630045'),(2024630046,'OSCAR DANIEL','BUCIO','BARRERA','ISC','5510000046','a2@a.com','2024630046'),(2024630047,'PABLO DARIO','JUAREZ','SANCHEZ','LCD','5510000047','a3@a.com','2024630047'),(2024630048,'OSMAR ALEJANDRO','GARCIA','JIMENEZ','ISC','5510000048','a4@a.com','2024630048'),(2024630049,'DIEGO','MARTINEZ','MENDEZ','IIA','5510000049','a1@a.com','2024630049'),(2024630050,'AXEL ULYSSES','ROBLES','VELAZQUEZ','ISC','5510000050','a2@a.com','2024630050'),(2024630051,'GIOVANNI JAVIER','LONGORIA','BUNOUST','ISC','5510000051','a3@a.com','2024630051'),(2024630052,'JARED','CASTILLO','GONZALEZ','ISC','5510000052','a4@a.com','2024630052'),(2024630053,'ARANZA ALONDRA','MUÑOZ','CHAVEZ','ISC','5510000053','a1@a.com','2024630053'),(2024630054,'SERGIO IVAN','PANIAGUA','ARROYO','ISC','5510000054','a2@a.com','2024630054'),(2024630055,'JAVIER','ZAMARRON','RAMIREZ','ISC','5510000055','a3@a.com','2024630055'),(2024630056,'HECTOR','RUIZ','HERNANDEZ','ISC','5510000056','a4@a.com','2024630056'),(2024630057,'ERIC OMAR','ESPINOSA DE LOS MONTEROS','MARTINEZ','ISC','5510000057','a1@a.com','2024630057'),(2024630058,'CARLOS','MORENO','HERNANDEZ','ISC','5510000058','a2@a.com','2024630058'),(2024630059,'GUSTAVO ADOLFO','ARREOLA','ROJAS','ISC','5510000059','a3@a.com','2024630059'),(2024630060,'ANTONIO DE JESUS','DOMINGUEZ','ORTEGA','ISC','5510000060','a4@a.com','2024630060'),(2024630061,'DIEGO FRANCISCO','HERNANDEZ','PEREZ','ISC','5510000061','a1@a.com','2024630061'),(2024630062,'MIGUEL ANGEL','RAFAEL','VILLAFUERTE','ISC','5510000062','a2@a.com','2024630062'),(2024630063,'OSCAR ALESSANDRO','OSTOA','VELASCO','ISC','5510000063','a3@a.com','2024630063'),(2024630064,'JESUS ADIEL','GARCIA','VELAZQUEZ','ISC','5510000064','a4@a.com','2024630064'),(2024630065,'JONATHAN GERARDO','AVIÑA','CALDERON','ISC','5510000065','a1@a.com','2024630065'),(2024630066,'BRENDA SAMANTHA','PEREZ','BEDOLLA','IIA','5510000066','a2@a.com','2024630066'),(2024630067,'MARIO CESAR','MONROY','HERNANDEZ','ISC','5510000067','a3@a.com','2024630067'),(2024630068,'MARIANA','JIMENEZ','GUERRERO','ISC','5510000068','a4@a.com','2024630068'),(2024630069,'CALEB','GAMIZ','GONZALEZ','ISC','5510000069','a1@a.com','2024630069'),(2024630070,'ERIK','ALCANTARA','COVARRUBIAS','ISC','5510000070','a2@a.com','2024630070'),(2024630071,'ALDO ALEJANDRO','ARCOS','HERMIDA','ISC','5510000071','a3@a.com','2024630071'),(2024630072,'BRAYAN JAVIER','AGUIRRE','ORTIZ','ISC','5510000072','a4@a.com','2024630072'),(2024630073,'CRISTIAN AXEL','BRAVO','LOPEZ','ISC','5510000073','a1@a.com','2024630073'),(2024630074,'LUIS ANGEL','BERNAL','PEREZ','ISC','5510000074','a2@a.com','2024630074'),(2024630075,'DANIEL','ACEVEDO','MEJIA','ISC','5510000075','a3@a.com','2024630075'),(2024630076,'EMILIANO','BAÑUELOS','PEREZ','ISC','5510000076','a4@a.com','2024630076'),(2024630077,'JONATHAN DEMIAN','ANDRADE','JIMENEZ','ISC','5510000077','a1@a.com','2024630077'),(2024630078,'ALEJANDRO','CARBAJAL','VELAZQUEZ','ISC','5510000078','a2@a.com','2024630078'),(2024630079,'PEDRO','CRUZ','VAZQUEZ','ISC','5510000079','a3@a.com','2024630079'),(2024630080,'DIEGO IVAN','CERVANTES','HERNANDEZ','ISC','5510000080','a4@a.com','2024630080'),(2024630081,'EDGAR SEBASTIAN','CASTILLO','SALGADO','ISC','5510000081','a1@a.com','2024630081'),(2024630082,'EDMUNDO ALEJANDRO','CRUZ','DE LA VEGA','ISC','5510000082','a2@a.com','2024630082'),(2024630083,'LUIS ANGEL','CALDERON','ZIMBRON','ISC','5510000083','a3@a.com','2024630083'),(2024630084,'DIEGO','CUREÑO','CRUZ','ISC','5510000084','a4@a.com','2024630084'),(2024630085,'NOE','CRUZ','MEDRANO','ISC','5510000085','a1@a.com','2024630085'),(2024630086,'DEREK JACOB','COLIN','ROMERO','ISC','5510000086','a2@a.com','2024630086'),(2024630087,'LIZETH ABIGAIL','DAMIAN','ELIZONDO','IIA','5510000087','a3@a.com','2024630087'),(2024630088,'CUAUHTEMOC','FERNANDEZ','VILLAR','ISC','5510000088','a4@a.com','2024630088'),(2024630089,'CARLOS ANTONIO','DIAZ','SOTO','ISC','5510000089','a1@a.com','2024630089'),(2024630090,'KEVIN','DIAZ','FUENTES','ISC','5510000090','a2@a.com','2024630090'),(2024630091,'RODRIGO','FLORES','ESTOPIER','ISC','5510000091','a3@a.com','2024630091'),(2024630092,'FERNANDA','GARCIA','JIMENEZ','ISC','5510000092','a4@a.com','2024630092'),(2024630093,'NOE RAMSES','GONZALEZ','LLAMOSAS','ISC','5510000093','a1@a.com','2024630093'),(2024630094,'LUZ MIREYA','GARCIA','GARCIA','ISC','5510000094','a2@a.com','2024630094'),(2024630095,'ROGELIO ASAHID','GOMEZ','JASSO','ISC','5510000095','a3@a.com','2024630095'),(2024630096,'LUIS RAUL','GARCIA','BAUTISTA','ISC','5510000096','a4@a.com','2024630096'),(2024630097,'ARMANDO','GUZMAN','BALLESTEROS','ISC','5510000097','a1@a.com','2024630097'),(2024630098,'OSCAR ALEXIS','GONZALEZ','CARRETO','ISC','5510000098','a2@a.com','2024630098'),(2024630099,'DIEGO','GARCIA','CERON','ISC','5510000099','a3@a.com','2024630099'),(2024630100,'ERICK','LARA','SARMIENTO','ISC','5510000100','a4@a.com','2024630100');
/*!40000 ALTER TABLE `alumnos` ENABLE KEYS */;
UNLOCK TABLES;

--
-- Table structure for table `asistencia`
--

DROP TABLE IF EXISTS `asistencia`;
/*!40101 SET @saved_cs_client     = @@character_set_client */;
/*!50503 SET character_set_client = utf8mb4 */;
CREATE TABLE `asistencia` (
  `boleta` int DEFAULT NULL,
  `materia` int DEFAULT NULL,
  `dia` date DEFAULT NULL,
  `asistencia` tinyint DEFAULT NULL,
  KEY `fk_asistencia_horarios1_idx` (`boleta`),
  KEY `fk_asistencia_materia_idx` (`materia`),
  CONSTRAINT `fk_asistencia_horarios1` FOREIGN KEY (`boleta`) REFERENCES `horarios` (`boleta`),
  CONSTRAINT `fk_asistencia_materia` FOREIGN KEY (`materia`) REFERENCES `horarios` (`idMateria`)
) ENGINE=InnoDB DEFAULT CHARSET=utf8mb4 COLLATE=utf8mb4_0900_ai_ci;
/*!40101 SET character_set_client = @saved_cs_client */;

--
-- Dumping data for table `asistencia`
--

LOCK TABLES `asistencia` WRITE;
/*!40000 ALTER TABLE `asistencia` DISABLE KEYS */;
INSERT INTO `asistencia` VALUES (2024630001,1,'2025-01-01',1),(2024630002,1,'2025-01-01',0),(2024630003,1,'2025-01-01',1),(2024630001,1,'2025-01-02',0),(2024630002,1,'2025-01-02',1),(2024630003,1,'2025-01-02',0),(2024630001,1,'2025-01-02',0),(2024630002,1,'2025-01-02',1),(2024630003,1,'2025-01-02',0);
/*!40000 ALTER TABLE `asistencia` ENABLE KEYS */;
UNLOCK TABLES;

--
-- Table structure for table `horarios`
--

DROP TABLE IF EXISTS `horarios`;
/*!40101 SET @saved_cs_client     = @@character_set_client */;
/*!50503 SET character_set_client = utf8mb4 */;
CREATE TABLE `horarios` (
  `boleta` int DEFAULT NULL,
  `idProfesor` int DEFAULT NULL,
  `idMateria` int DEFAULT NULL,
  `calificaciones` int DEFAULT NULL,
  KEY `fk_horarios_alumnos1_idx` (`boleta`),
  KEY `fk_horarios_profesores1_idx` (`idProfesor`) /*!80000 INVISIBLE */,
  KEY `fk_horarios_grupos1_idx` (`idMateria`),
  CONSTRAINT `fk_horarios_alumnos1` FOREIGN KEY (`boleta`) REFERENCES `alumnos` (`boleta`) ON DELETE CASCADE ON UPDATE CASCADE,
  CONSTRAINT `fk_horarios_grupos1` FOREIGN KEY (`idMateria`) REFERENCES `materias` (`idMateria`),
  CONSTRAINT `fk_horarios_profesores1` FOREIGN KEY (`idProfesor`) REFERENCES `profesores` (`idProfesores`) ON DELETE CASCADE ON UPDATE CASCADE
) ENGINE=InnoDB DEFAULT CHARSET=utf8mb4 COLLATE=utf8mb4_0900_ai_ci COMMENT='							';
/*!40101 SET character_set_client = @saved_cs_client */;

--
-- Dumping data for table `horarios`
--

LOCK TABLES `horarios` WRITE;
/*!40000 ALTER TABLE `horarios` DISABLE KEYS */;
INSERT INTO `horarios` VALUES (NULL,2567,1,NULL),(NULL,2568,2,NULL),(NULL,2569,3,NULL),(NULL,2570,4,NULL),(NULL,2571,5,NULL),(NULL,2572,6,NULL),(NULL,2573,7,NULL),(NULL,2574,8,NULL),(NULL,2570,9,NULL),(NULL,2575,10,NULL),(NULL,2576,11,NULL),(NULL,2577,12,NULL),(NULL,2578,13,NULL),(NULL,2579,14,NULL),(NULL,2580,15,NULL),(NULL,2581,16,NULL),(NULL,2582,17,NULL),(NULL,2583,18,NULL),(NULL,2579,19,NULL),(NULL,2584,20,NULL),(NULL,2572,21,NULL),(NULL,2585,22,NULL),(NULL,2573,23,NULL),(NULL,2586,24,NULL),(NULL,2587,25,NULL),(NULL,2588,26,NULL),(NULL,2589,27,NULL),(NULL,2567,28,NULL),(NULL,2568,29,NULL),(NULL,2569,30,NULL),(NULL,2587,31,NULL),(NULL,2571,32,NULL),(NULL,2589,33,NULL),(NULL,2591,34,NULL),(NULL,2592,35,NULL),(NULL,2586,36,NULL),(NULL,2593,37,NULL),(NULL,2572,38,NULL),(NULL,2588,39,NULL),(NULL,2581,40,NULL),(NULL,2594,41,NULL),(NULL,2595,42,NULL),(NULL,2593,43,NULL),(NULL,2596,44,NULL),(NULL,2577,45,NULL),(NULL,2597,46,NULL),(NULL,2598,47,NULL),(NULL,2599,48,NULL),(NULL,2600,49,NULL),(NULL,2601,50,NULL),(NULL,2602,51,NULL),(NULL,2598,52,NULL),(NULL,2603,53,NULL),(NULL,2574,54,NULL),(NULL,2604,55,NULL),(NULL,2605,56,NULL),(NULL,2606,57,NULL),(NULL,2603,58,NULL),(NULL,2607,59,NULL),(NULL,2604,60,NULL),(NULL,2589,61,NULL),(NULL,2606,62,NULL),(NULL,2608,63,NULL),(NULL,2609,64,NULL),(NULL,2610,65,NULL),(NULL,2588,66,NULL),(NULL,2611,67,NULL),(NULL,2612,68,NULL),(NULL,2613,69,NULL),(NULL,2614,70,NULL),(NULL,2615,71,NULL),(NULL,2611,72,NULL),(NULL,2616,73,NULL),(NULL,2613,74,NULL),(NULL,2604,75,NULL),(NULL,2615,76,NULL),(NULL,2617,77,NULL),(NULL,2618,78,NULL),(NULL,2610,79,NULL),(NULL,2576,80,NULL),(NULL,2576,81,NULL),(NULL,2588,82,NULL),(NULL,2581,83,NULL),(NULL,2619,84,NULL),(NULL,2620,85,NULL),(NULL,2621,86,NULL),(NULL,2622,87,NULL),(NULL,2582,88,NULL),(NULL,2623,89,NULL),(NULL,2624,90,NULL),(NULL,2625,91,NULL),(NULL,2626,92,NULL),(NULL,2627,93,NULL),(NULL,2623,94,NULL),(NULL,2628,95,NULL),(NULL,2629,96,NULL),(NULL,2630,97,NULL),(NULL,2627,98,NULL),(NULL,2578,99,NULL),(NULL,2631,100,NULL),(NULL,2632,101,NULL),(NULL,2630,102,NULL),(NULL,2633,103,NULL),(NULL,2634,104,NULL),(NULL,0,105,NULL),(NULL,2635,106,NULL),(NULL,2621,107,NULL),(NULL,2626,108,NULL),(NULL,2591,109,NULL),(NULL,2581,110,NULL),(NULL,2636,111,NULL),(NULL,2637,112,NULL),(NULL,2638,113,NULL),(NULL,2639,114,NULL),(NULL,2640,115,NULL),(NULL,2641,116,NULL),(NULL,2642,117,NULL),(NULL,2643,118,NULL),(NULL,2614,119,NULL),(NULL,2640,120,NULL),(NULL,2644,121,NULL),(NULL,2645,122,NULL),(NULL,2643,123,NULL),(NULL,2632,124,NULL),(NULL,2646,125,NULL),(NULL,2647,126,NULL),(NULL,2583,127,NULL),(NULL,2648,128,NULL),(NULL,2649,129,NULL),(NULL,2650,130,NULL),(NULL,2625,131,NULL),(NULL,2633,132,NULL),(NULL,2651,133,NULL),(NULL,2617,134,NULL),(NULL,2652,135,NULL),(NULL,2653,136,NULL),(NULL,2654,137,NULL),(NULL,2614,138,NULL),(NULL,2651,139,NULL),(NULL,2655,140,NULL),(NULL,2652,141,NULL),(NULL,2656,142,NULL),(NULL,2654,143,NULL),(NULL,2657,144,NULL),(NULL,2595,145,NULL),(NULL,2581,146,NULL),(NULL,2658,147,NULL),(NULL,2659,148,NULL),(NULL,2645,149,NULL),(NULL,2626,150,NULL),(NULL,2646,151,NULL),(NULL,2660,152,NULL),(NULL,2661,153,NULL),(NULL,2662,154,NULL),(NULL,2619,155,NULL),(NULL,2663,156,NULL),(NULL,2664,157,NULL),(NULL,2665,158,NULL),(NULL,2587,159,NULL),(NULL,2616,160,NULL),(NULL,2666,161,NULL),(NULL,2667,162,NULL),(NULL,2651,163,NULL),(NULL,2668,164,NULL),(NULL,2669,165,NULL),(NULL,2645,166,NULL),(NULL,2602,167,NULL),(NULL,2670,168,NULL),(NULL,2640,169,NULL),(NULL,2598,170,NULL),(NULL,2669,171,NULL),(NULL,2599,172,NULL),(NULL,2615,173,NULL),(NULL,2671,174,NULL),(NULL,2672,175,NULL),(NULL,2598,176,NULL),(NULL,2673,177,NULL),(NULL,2674,178,NULL),(NULL,2644,179,NULL),(NULL,2675,180,NULL),(NULL,2607,181,NULL),(NULL,2655,182,NULL),(NULL,2673,183,NULL),(NULL,2674,184,NULL),(NULL,2666,185,NULL),(NULL,2663,186,NULL),(NULL,2607,187,NULL),(NULL,2639,188,NULL),(NULL,2644,189,NULL),(NULL,2647,190,NULL),(NULL,2676,191,NULL),(NULL,2677,192,NULL),(NULL,2678,193,NULL),(NULL,0,194,NULL),(NULL,2588,195,NULL),(NULL,2632,196,NULL),(NULL,2676,197,NULL),(NULL,2677,198,NULL),(NULL,2648,199,NULL),(NULL,2679,200,NULL),(NULL,2660,201,NULL),(NULL,2649,202,NULL),(NULL,2595,203,NULL),(NULL,2680,204,NULL),(NULL,2678,205,NULL),(NULL,2681,206,NULL),(NULL,2577,207,NULL),(NULL,2626,208,NULL),(NULL,2682,209,NULL),(NULL,2680,210,NULL),(NULL,2683,211,NULL),(NULL,2681,212,NULL),(NULL,2591,213,NULL),(NULL,2657,214,NULL),(NULL,2591,215,NULL),(NULL,2591,216,NULL),(NULL,2684,217,NULL),(NULL,2685,218,NULL),(NULL,2685,219,NULL),(NULL,2686,220,NULL),(NULL,2595,221,NULL),(NULL,2687,222,NULL),(NULL,2688,223,NULL),(NULL,2689,224,NULL),(NULL,2643,225,NULL),(NULL,2690,226,NULL),(NULL,2655,227,NULL),(NULL,2691,228,NULL),(NULL,2692,229,NULL),(NULL,2693,230,NULL),(NULL,2694,231,NULL),(NULL,2695,232,NULL),(NULL,2680,233,NULL),(NULL,2696,234,NULL),(NULL,2697,235,NULL),(NULL,2698,236,NULL),(NULL,2699,237,NULL),(NULL,2633,238,NULL),(NULL,2622,239,NULL),(NULL,2697,240,NULL),(NULL,2688,241,NULL),(NULL,2700,242,NULL),(NULL,2653,243,NULL),(NULL,2655,244,NULL),(NULL,2701,245,NULL),(NULL,2618,246,NULL),(NULL,2702,247,NULL),(NULL,2700,248,NULL),(NULL,2703,249,NULL),(NULL,2614,250,NULL),(NULL,2704,251,NULL),(NULL,2705,252,NULL),(NULL,2650,253,NULL),(NULL,2698,254,NULL),(NULL,2706,255,NULL),(NULL,2707,256,NULL),(NULL,2708,257,NULL),(NULL,2620,258,NULL),(NULL,2650,259,NULL),(NULL,2709,260,NULL),(NULL,2710,261,NULL),(NULL,2577,262,NULL),(NULL,2701,263,NULL),(NULL,2711,264,NULL),(NULL,2651,265,NULL),(NULL,2689,266,NULL),(NULL,2586,267,NULL),(NULL,2712,268,NULL),(NULL,2713,269,NULL),(NULL,2652,270,NULL),(NULL,2659,271,NULL),(NULL,2705,272,NULL),(NULL,2667,273,NULL),(NULL,2656,274,NULL),(NULL,2714,275,NULL),(NULL,2715,276,NULL),(NULL,2659,277,NULL),(NULL,2664,278,NULL),(NULL,2716,279,NULL),(NULL,2712,280,NULL),(NULL,2586,281,NULL),(NULL,2680,282,NULL),(NULL,2694,283,NULL),(NULL,2703,284,NULL),(NULL,2618,285,NULL),(NULL,2717,286,NULL),(NULL,2715,287,NULL),(NULL,2712,288,NULL),(NULL,2597,289,NULL),(NULL,0,290,NULL),(NULL,2718,291,NULL),(NULL,2719,292,NULL),(NULL,2607,293,NULL),(NULL,2693,294,NULL),(NULL,2720,295,NULL),(NULL,2721,296,NULL),(NULL,2722,297,NULL),(NULL,2718,298,NULL),(NULL,2705,299,NULL),(NULL,2633,300,NULL),(NULL,2715,301,NULL),(NULL,2720,302,NULL),(NULL,2723,303,NULL),(NULL,2722,304,NULL),(NULL,2724,305,NULL),(NULL,2719,306,NULL),(NULL,2688,307,NULL),(NULL,2580,308,NULL),(NULL,2725,309,NULL),(NULL,2726,310,NULL),(NULL,2723,311,NULL),(NULL,2727,312,NULL),(NULL,2653,313,NULL),(NULL,2702,314,NULL),(NULL,2728,315,NULL),(NULL,2580,316,NULL),(NULL,2729,317,NULL),(NULL,2730,318,NULL),(NULL,2731,319,NULL),(NULL,0,320,NULL),(NULL,2631,321,NULL),(NULL,2732,322,NULL),(NULL,2697,323,NULL),(NULL,2733,324,NULL),(NULL,2635,325,NULL),(NULL,2730,326,NULL),(NULL,2699,327,NULL),(NULL,2734,328,NULL),(NULL,2624,329,NULL),(NULL,2728,330,NULL),(NULL,2733,331,NULL),(NULL,2635,332,NULL),(NULL,2577,333,NULL),(NULL,2648,334,NULL),(NULL,2718,335,NULL),(NULL,2620,336,NULL),(NULL,2735,337,NULL),(NULL,2736,338,NULL),(NULL,2737,339,NULL),(NULL,2617,340,NULL),(NULL,2658,341,NULL),(NULL,2738,342,NULL),(NULL,2624,343,NULL),(NULL,2726,344,NULL),(NULL,2665,345,NULL),(NULL,2731,346,NULL),(NULL,2662,347,NULL),(NULL,2739,348,NULL),(NULL,2711,349,NULL),(NULL,2650,350,NULL),(NULL,2635,351,NULL),(NULL,2721,352,NULL),(NULL,2740,353,NULL),(NULL,2741,354,NULL),(NULL,2706,355,NULL),(NULL,2686,356,NULL),(NULL,2693,357,NULL),(NULL,2636,358,NULL),(NULL,2569,359,NULL),(NULL,2706,360,NULL),(NULL,2742,361,NULL),(NULL,2743,362,NULL),(NULL,2744,363,NULL),(NULL,2745,364,NULL),(NULL,2680,365,NULL),(NULL,2746,366,NULL),(NULL,2747,367,NULL),(NULL,2748,368,NULL),(NULL,2743,369,NULL),(NULL,2749,370,NULL),(NULL,2750,371,NULL),(NULL,2670,372,NULL),(NULL,2642,373,NULL),(NULL,2711,374,NULL),(NULL,2743,375,NULL),(NULL,2751,376,NULL),(NULL,2698,377,NULL),(NULL,2670,378,NULL),(NULL,2708,379,NULL),(NULL,2686,380,NULL),(NULL,2570,381,NULL),(NULL,2577,382,NULL),(NULL,2655,383,NULL),(NULL,2752,384,NULL),(NULL,2753,385,NULL),(NULL,2754,386,NULL),(NULL,2570,387,NULL),(NULL,2588,388,NULL),(NULL,2668,389,NULL),(NULL,2752,390,NULL),(NULL,2755,391,NULL),(NULL,2716,392,NULL),(NULL,2709,393,NULL),(NULL,2577,394,NULL),(NULL,2596,395,NULL),(NULL,2624,396,NULL),(NULL,2756,397,NULL),(NULL,2724,398,NULL),(NULL,2757,399,NULL),(NULL,2617,400,NULL),(NULL,2605,401,NULL),(NULL,2638,402,NULL),(NULL,2758,403,NULL),(NULL,2759,404,NULL),(NULL,2760,405,NULL),(NULL,2761,406,NULL),(NULL,2762,407,NULL),(NULL,2760,408,NULL),(NULL,2748,409,NULL),(NULL,2653,410,NULL),(NULL,2763,411,NULL),(NULL,2764,412,NULL),(NULL,2675,413,NULL),(NULL,2650,414,NULL),(NULL,2765,415,NULL),(NULL,2672,416,NULL),(NULL,2724,417,NULL),(NULL,2763,418,NULL),(NULL,2713,419,NULL),(NULL,2670,420,NULL),(NULL,2766,421,NULL),(NULL,2767,422,NULL),(NULL,2768,423,NULL),(NULL,2656,424,NULL),(NULL,2757,425,NULL),(NULL,2764,426,NULL),(NULL,2670,427,NULL),(NULL,2638,428,NULL),(NULL,2758,429,NULL),(NULL,2768,430,NULL),(NULL,2641,431,NULL),(NULL,2769,432,NULL),(NULL,2737,433,NULL),(NULL,2633,434,NULL),(NULL,2596,435,NULL),(NULL,2770,436,NULL),(NULL,2771,437,NULL),(NULL,2682,438,NULL),(NULL,2745,439,NULL),(NULL,2772,440,NULL),(NULL,2679,441,NULL),(NULL,2773,442,NULL),(NULL,2774,443,NULL),(NULL,2637,444,NULL),(NULL,2649,445,NULL),(NULL,2775,446,NULL),(NULL,2751,447,NULL),(NULL,2776,448,NULL),(NULL,2710,449,NULL),(NULL,2729,450,NULL),(NULL,2660,451,NULL),(NULL,2591,452,NULL),(NULL,2770,453,NULL),(NULL,2754,454,NULL),(NULL,2633,455,NULL),(NULL,2734,456,NULL),(NULL,2737,457,NULL),(NULL,2707,458,NULL),(NULL,2680,459,NULL),(NULL,2770,460,NULL),(NULL,2756,461,NULL),(NULL,2777,462,NULL),(NULL,2569,463,NULL),(NULL,2778,464,NULL),(NULL,2779,465,NULL),(NULL,2601,466,NULL),(NULL,2599,467,NULL),(NULL,2780,468,NULL),(NULL,2617,469,NULL),(NULL,2739,470,NULL),(NULL,2747,471,NULL),(NULL,2781,472,NULL),(NULL,2782,473,NULL),(NULL,2783,474,NULL),(NULL,2780,475,NULL),(NULL,2776,476,NULL),(NULL,2777,477,NULL),(NULL,2659,478,NULL),(NULL,2784,479,NULL),(NULL,2717,480,NULL),(NULL,2785,481,NULL),(NULL,2741,482,NULL),(NULL,2779,483,NULL),(NULL,2786,484,NULL),(NULL,2784,485,NULL),(NULL,2776,486,NULL),(NULL,2785,487,NULL),(NULL,2787,488,NULL),(NULL,2711,489,NULL),(NULL,2788,490,NULL),(NULL,2739,491,NULL),(NULL,2789,492,NULL),(NULL,2784,493,NULL),(NULL,2753,494,NULL),(NULL,2790,495,NULL),(NULL,2695,496,NULL),(NULL,2791,497,NULL),(NULL,2726,498,NULL),(NULL,2659,499,NULL),(NULL,2792,500,NULL),(NULL,2753,501,NULL),(NULL,2684,502,NULL),(NULL,2618,503,NULL),(NULL,2714,504,NULL),(NULL,2726,505,NULL),(NULL,2684,506,NULL),(NULL,2793,507,NULL),(NULL,2794,508,NULL),(NULL,2773,509,NULL),(NULL,2609,510,NULL),(NULL,2694,511,NULL),(NULL,2795,512,NULL),(NULL,2690,513,NULL),(NULL,2793,514,NULL),(NULL,2716,515,NULL),(NULL,2738,516,NULL),(NULL,2651,517,NULL),(NULL,2796,518,NULL),(NULL,2609,519,NULL),(NULL,2786,520,NULL),(NULL,2797,521,NULL),(NULL,2715,522,NULL),(NULL,2790,523,NULL),(NULL,2784,524,NULL),(NULL,2722,525,NULL),(NULL,2725,526,NULL),(NULL,2786,527,NULL),(NULL,2798,528,NULL),(NULL,2698,529,NULL),(NULL,2799,530,NULL),(NULL,2697,531,NULL),(NULL,2800,532,NULL),(NULL,2774,533,NULL),(NULL,2732,534,NULL),(NULL,2792,535,NULL),(NULL,2698,536,NULL),(NULL,2786,537,NULL),(NULL,2747,538,NULL),(NULL,2593,539,NULL),(NULL,2801,540,NULL),(NULL,2802,541,NULL),(NULL,2803,542,NULL),(NULL,2804,543,NULL),(NULL,2710,544,NULL),(NULL,2620,545,NULL),(NULL,2727,546,NULL),(NULL,2795,547,NULL),(NULL,2732,548,NULL),(NULL,2803,549,NULL),(NULL,2804,550,NULL),(NULL,2710,551,NULL),(NULL,2789,552,NULL),(NULL,2774,553,NULL),(NULL,2732,554,NULL),(NULL,2802,555,NULL),(NULL,2698,556,NULL),(NULL,2784,557,NULL),(NULL,2800,558,NULL),(NULL,2801,559,NULL),(NULL,2773,560,NULL),(NULL,2749,561,NULL),(NULL,2805,562,NULL),(NULL,2749,563,NULL),(NULL,2668,564,NULL),(NULL,2806,565,NULL),(NULL,2807,566,NULL),(NULL,2780,567,NULL),(NULL,2808,568,NULL),(NULL,2809,569,NULL),(NULL,2781,570,NULL),(NULL,2810,571,NULL),(NULL,2788,572,NULL),(NULL,2692,573,NULL),(NULL,2786,574,NULL),(NULL,2794,575,NULL),(NULL,2645,576,NULL),(NULL,2777,577,NULL),(NULL,2786,578,NULL),(NULL,2748,579,NULL),(NULL,2782,580,NULL),(NULL,0,581,NULL),(NULL,2783,582,NULL),(NULL,2811,583,NULL),(NULL,2807,584,NULL),(NULL,2775,585,NULL),(NULL,2810,586,NULL),(NULL,2619,587,NULL),(NULL,2807,588,NULL),(NULL,2810,589,NULL),(NULL,2728,590,NULL),(NULL,2812,591,NULL),(NULL,2640,592,NULL),(NULL,2807,593,NULL),(NULL,2683,594,NULL),(NULL,2580,595,NULL),(NULL,2788,596,NULL),(NULL,2813,597,NULL),(NULL,2812,598,NULL),(NULL,2813,599,NULL),(NULL,2797,600,NULL),(NULL,2646,601,NULL),(NULL,2814,602,NULL),(NULL,2815,603,NULL),(NULL,2812,604,NULL),(NULL,2816,605,NULL),(NULL,2817,606,NULL),(NULL,2636,607,NULL),(NULL,2814,608,NULL),(NULL,2815,609,NULL),(NULL,2745,610,NULL),(NULL,2814,611,NULL),(NULL,2817,612,NULL),(NULL,2754,613,NULL),(NULL,2738,614,NULL),(NULL,2812,615,NULL),(NULL,2716,616,NULL),(NULL,2754,617,NULL),(NULL,2797,618,NULL),(NULL,2683,619,NULL),(NULL,2766,620,NULL),(NULL,2818,621,NULL),(NULL,2736,622,NULL),(NULL,2754,623,NULL),(NULL,2683,624,NULL),(NULL,2788,625,NULL),(NULL,2766,626,NULL),(NULL,2819,627,NULL),(NULL,2736,628,NULL),(NULL,2810,629,NULL),(NULL,2810,630,NULL),(NULL,2683,631,NULL),(NULL,2710,632,NULL),(NULL,2772,633,NULL),(NULL,2768,634,NULL),(NULL,2711,635,NULL),(NULL,2814,636,NULL),(NULL,2740,637,NULL),(NULL,2671,638,NULL),(NULL,2772,639,NULL),(NULL,2747,640,NULL),(NULL,2768,641,NULL),(NULL,2777,642,NULL),(NULL,2814,643,NULL),(NULL,2769,644,NULL),(NULL,2800,645,NULL),(NULL,2687,646,NULL),(NULL,2820,647,NULL),(NULL,2780,648,NULL),(NULL,2780,649,NULL),(NULL,2727,650,NULL),(NULL,0,651,NULL),(NULL,2794,652,NULL),(NULL,2820,653,NULL),(NULL,2646,654,NULL),(NULL,2584,655,NULL),(NULL,2821,656,NULL),(NULL,2646,657,NULL),(NULL,2722,658,NULL),(NULL,2652,659,NULL),(NULL,0,660,NULL),(NULL,2822,661,NULL),(NULL,2765,662,NULL),(NULL,2806,663,NULL),(NULL,2759,664,NULL),(NULL,2823,665,NULL),(NULL,2822,666,NULL),(NULL,2765,667,NULL),(NULL,2752,668,NULL),(NULL,2761,669,NULL),(NULL,2609,670,NULL),(NULL,2745,671,NULL),(NULL,2819,672,NULL),(NULL,2824,673,NULL),(NULL,2761,674,NULL),(NULL,2755,675,NULL),(NULL,2798,676,NULL),(NULL,2824,677,NULL),(NULL,2772,678,NULL),(NULL,2756,679,NULL),(NULL,2697,680,NULL),(NULL,2584,681,NULL),(NULL,2751,682,NULL),(NULL,2825,683,NULL),(NULL,2825,684,NULL),(NULL,2771,685,NULL),(NULL,2800,686,NULL),(NULL,2825,687,NULL),(NULL,2628,688,NULL),(NULL,2756,689,NULL),(NULL,2768,690,NULL),(NULL,2825,691,NULL),(NULL,2769,692,NULL),(NULL,2769,693,NULL),(NULL,2579,694,NULL),(NULL,2579,695,NULL),(NULL,2594,696,NULL),(NULL,2790,697,NULL),(NULL,2653,698,NULL),(NULL,2685,699,NULL),(NULL,2704,700,NULL),(NULL,2826,701,NULL),(NULL,2827,702,NULL),(NULL,2762,703,NULL),(NULL,2592,704,NULL),(NULL,2678,705,NULL),(NULL,2828,706,NULL),(NULL,2796,707,NULL),(NULL,2829,708,NULL),(NULL,2828,709,NULL),(NULL,2796,710,NULL),(NULL,2829,711,NULL),(NULL,2829,712,NULL),(NULL,2826,713,NULL),(NULL,2568,714,NULL),(NULL,2583,715,NULL),(NULL,2600,716,NULL),(NULL,2827,717,NULL),(NULL,2830,718,NULL),(NULL,2661,719,NULL),(NULL,2681,720,NULL),(NULL,2831,721,NULL),(NULL,2661,722,NULL),(NULL,2727,723,NULL),(2024630001,NULL,1,NULL),(2024630001,NULL,2,NULL),(2024630001,NULL,3,NULL),(2024630001,NULL,4,NULL),(2024630001,NULL,5,NULL),(2024630002,NULL,601,NULL),(2024630002,NULL,602,NULL),(2024630002,NULL,603,NULL),(2024630002,NULL,605,NULL),(2024630002,NULL,605,NULL),(2024630003,NULL,303,NULL),(2024630003,NULL,303,NULL),(2024630003,NULL,303,NULL),(2024630003,NULL,304,NULL),(2024630004,NULL,402,NULL),(2024630004,NULL,401,NULL),(2024630004,NULL,401,NULL),(2024630004,NULL,402,NULL),(2024630004,NULL,404,NULL),(2024630005,NULL,702,NULL),(2024630005,NULL,705,NULL),(2024630005,NULL,704,NULL),(2024630005,NULL,701,NULL),(2024630005,NULL,701,NULL),(2024630006,NULL,403,NULL),(2024630006,NULL,403,NULL),(2024630006,NULL,401,NULL),(2024630006,NULL,402,NULL),(2024630007,NULL,52,NULL),(2024630007,NULL,52,NULL),(2024630007,NULL,53,NULL),(2024630007,NULL,52,NULL),(2024630007,NULL,51,NULL),(2024630008,NULL,504,NULL),(2024630008,NULL,502,NULL),(2024630008,NULL,502,NULL),(2024630008,NULL,501,NULL),(2024630009,NULL,203,NULL),(2024630009,NULL,205,NULL),(2024630009,NULL,202,NULL),(2024630009,NULL,204,NULL),(2024630010,NULL,205,NULL),(2024630010,NULL,202,NULL),(2024630010,NULL,204,NULL),(2024630010,NULL,203,NULL),(2024630010,NULL,204,NULL),(2024630011,NULL,55,NULL),(2024630011,NULL,51,NULL),(2024630011,NULL,53,NULL),(2024630011,NULL,52,NULL),(2024630011,NULL,52,NULL),(2024630012,NULL,703,NULL),(2024630012,NULL,701,NULL),(2024630012,NULL,701,NULL),(2024630012,NULL,704,NULL),(2024630013,NULL,51,NULL),(2024630013,NULL,55,NULL),(2024630013,NULL,54,NULL),(2024630013,NULL,52,NULL),(2024630014,NULL,605,NULL),(2024630014,NULL,601,NULL),(2024630014,NULL,601,NULL),(2024630014,NULL,601,NULL),(2024630015,NULL,722,NULL),(2024630015,NULL,722,NULL),(2024630015,NULL,721,NULL),(2024630015,NULL,723,NULL),(2024630015,NULL,721,NULL),(2024630016,NULL,503,NULL),(2024630016,NULL,502,NULL),(2024630016,NULL,504,NULL),(2024630016,NULL,503,NULL),(2024630017,NULL,603,NULL),(2024630017,NULL,602,NULL),(2024630017,NULL,601,NULL),(2024630017,NULL,605,NULL),(2024630017,NULL,603,NULL),(2024630018,NULL,603,NULL),(2024630018,NULL,603,NULL),(2024630018,NULL,602,NULL),(2024630018,NULL,603,NULL),(2024630018,NULL,603,NULL),(2024630019,NULL,302,NULL),(2024630019,NULL,301,NULL),(2024630019,NULL,302,NULL),(2024630019,NULL,304,NULL),(2024630020,NULL,504,NULL),(2024630020,NULL,502,NULL),(2024630020,NULL,504,NULL),(2024630020,NULL,504,NULL),(2024630020,NULL,503,NULL),(2024630021,NULL,53,NULL),(2024630021,NULL,51,NULL),(2024630021,NULL,54,NULL),(2024630021,NULL,54,NULL),(2024630022,NULL,703,NULL),(2024630022,NULL,703,NULL),(2024630022,NULL,704,NULL),(2024630022,NULL,704,NULL),(2024630023,NULL,201,NULL),(2024630023,NULL,201,NULL),(2024630023,NULL,201,NULL),(2024630023,NULL,203,NULL),(2024630023,NULL,203,NULL),(2024630024,NULL,303,NULL),(2024630024,NULL,301,NULL),(2024630024,NULL,302,NULL),(2024630024,NULL,304,NULL),(2024630024,NULL,304,NULL),(2024630025,NULL,704,NULL),(2024630025,NULL,705,NULL),(2024630025,NULL,702,NULL),(2024630025,NULL,705,NULL),(2024630025,NULL,701,NULL),(2024630026,NULL,301,NULL),(2024630026,NULL,303,NULL),(2024630026,NULL,303,NULL),(2024630026,NULL,301,NULL),(2024630027,NULL,401,NULL),(2024630027,NULL,403,NULL),(2024630027,NULL,401,NULL),(2024630027,NULL,402,NULL),(2024630027,NULL,404,NULL),(2024630028,NULL,55,NULL),(2024630028,NULL,51,NULL),(2024630028,NULL,55,NULL),(2024630028,NULL,54,NULL),(2024630029,NULL,51,NULL),(2024630029,NULL,55,NULL),(2024630029,NULL,51,NULL),(2024630029,NULL,54,NULL),(2024630030,NULL,403,NULL),(2024630030,NULL,403,NULL),(2024630030,NULL,403,NULL),(2024630030,NULL,404,NULL),(2024630031,NULL,721,NULL),(2024630031,NULL,722,NULL),(2024630031,NULL,722,NULL),(2024630031,NULL,722,NULL),(2024630031,NULL,721,NULL),(2024630032,NULL,303,NULL),(2024630032,NULL,303,NULL),(2024630032,NULL,301,NULL),(2024630032,NULL,301,NULL),(2024630033,NULL,10,NULL),(2024630033,NULL,9,NULL),(2024630033,NULL,10,NULL),(2024630033,NULL,9,NULL),(2024630033,NULL,10,NULL),(2024630034,NULL,54,NULL),(2024630034,NULL,53,NULL),(2024630034,NULL,55,NULL),(2024630034,NULL,51,NULL),(2024630034,NULL,52,NULL),(2024630035,NULL,701,NULL),(2024630035,NULL,702,NULL),(2024630035,NULL,701,NULL),(2024630035,NULL,702,NULL),(2024630036,NULL,721,NULL),(2024630036,NULL,721,NULL),(2024630036,NULL,721,NULL),(2024630036,NULL,723,NULL),(2024630037,NULL,201,NULL),(2024630037,NULL,201,NULL),(2024630037,NULL,205,NULL),(2024630037,NULL,201,NULL),(2024630038,NULL,604,NULL),(2024630038,NULL,605,NULL),(2024630038,NULL,603,NULL),(2024630038,NULL,603,NULL),(2024630039,NULL,9,NULL),(2024630039,NULL,9,NULL),(2024630039,NULL,9,NULL),(2024630039,NULL,8,NULL),(2024630040,NULL,103,NULL),(2024630040,NULL,104,NULL),(2024630040,NULL,104,NULL),(2024630040,NULL,103,NULL),(2024630041,NULL,722,NULL),(2024630041,NULL,722,NULL),(2024630041,NULL,722,NULL),(2024630041,NULL,723,NULL),(2024630042,NULL,7,NULL),(2024630042,NULL,9,NULL),(2024630042,NULL,8,NULL),(2024630042,NULL,10,NULL),(2024630042,NULL,10,NULL),(2024630043,NULL,52,NULL),(2024630043,NULL,52,NULL),(2024630043,NULL,53,NULL),(2024630043,NULL,54,NULL),(2024630043,NULL,55,NULL),(2024630044,NULL,52,NULL),(2024630044,NULL,55,NULL),(2024630044,NULL,52,NULL),(2024630044,NULL,54,NULL),(2024630044,NULL,51,NULL),(2024630045,NULL,404,NULL),(2024630045,NULL,404,NULL),(2024630045,NULL,401,NULL),(2024630045,NULL,403,NULL),(2024630045,NULL,401,NULL),(2024630046,NULL,703,NULL),(2024630046,NULL,701,NULL),(2024630046,NULL,705,NULL),(2024630046,NULL,704,NULL),(2024630046,NULL,701,NULL),(2024630047,NULL,52,NULL),(2024630047,NULL,54,NULL),(2024630047,NULL,51,NULL),(2024630047,NULL,55,NULL),(2024630047,NULL,53,NULL),(2024630048,NULL,203,NULL),(2024630048,NULL,205,NULL),(2024630048,NULL,202,NULL),(2024630048,NULL,201,NULL),(2024630048,NULL,203,NULL),(2024630049,NULL,701,NULL),(2024630049,NULL,701,NULL),(2024630049,NULL,701,NULL),(2024630049,NULL,704,NULL),(2024630050,NULL,8,NULL),(2024630050,NULL,7,NULL),(2024630050,NULL,10,NULL),(2024630050,NULL,7,NULL),(2024630050,NULL,9,NULL),(2024630051,NULL,703,NULL),(2024630051,NULL,703,NULL),(2024630051,NULL,704,NULL),(2024630051,NULL,701,NULL),(2024630051,NULL,701,NULL),(2024630052,NULL,721,NULL),(2024630052,NULL,722,NULL),(2024630052,NULL,722,NULL),(2024630052,NULL,721,NULL),(2024630053,NULL,202,NULL),(2024630053,NULL,203,NULL),(2024630053,NULL,205,NULL),(2024630053,NULL,202,NULL),(2024630053,NULL,204,NULL),(2024630054,NULL,53,NULL),(2024630054,NULL,55,NULL),(2024630054,NULL,51,NULL),(2024630054,NULL,54,NULL),(2024630054,NULL,54,NULL),(2024630055,NULL,722,NULL),(2024630055,NULL,721,NULL),(2024630055,NULL,723,NULL),(2024630055,NULL,722,NULL),(2024630055,NULL,722,NULL),(2024630056,NULL,204,NULL),(2024630056,NULL,205,NULL),(2024630056,NULL,204,NULL),(2024630056,NULL,203,NULL),(2024630057,NULL,401,NULL),(2024630057,NULL,401,NULL),(2024630057,NULL,405,NULL),(2024630057,NULL,402,NULL),(2024630058,NULL,723,NULL),(2024630058,NULL,722,NULL),(2024630058,NULL,721,NULL),(2024630058,NULL,723,NULL),(2024630059,NULL,722,NULL),(2024630059,NULL,722,NULL),(2024630059,NULL,723,NULL),(2024630059,NULL,723,NULL),(2024630060,NULL,8,NULL),(2024630060,NULL,7,NULL),(2024630060,NULL,8,NULL),(2024630060,NULL,7,NULL),(2024630060,NULL,9,NULL),(2024630061,NULL,605,NULL),(2024630061,NULL,601,NULL),(2024630061,NULL,602,NULL),(2024630061,NULL,602,NULL),(2024630061,NULL,604,NULL),(2024630062,NULL,721,NULL),(2024630062,NULL,723,NULL),(2024630062,NULL,722,NULL),(2024630062,NULL,722,NULL),(2024630062,NULL,722,NULL),(2024630063,NULL,301,NULL),(2024630063,NULL,304,NULL),(2024630063,NULL,304,NULL),(2024630063,NULL,302,NULL),(2024630063,NULL,304,NULL),(2024630064,NULL,203,NULL),(2024630064,NULL,205,NULL),(2024630064,NULL,204,NULL),(2024630064,NULL,204,NULL),(2024630064,NULL,203,NULL),(2024630065,NULL,52,NULL),(2024630065,NULL,52,NULL),(2024630065,NULL,52,NULL),(2024630065,NULL,53,NULL),(2024630065,NULL,51,NULL),(2024630066,NULL,7,NULL),(2024630066,NULL,9,NULL),(2024630066,NULL,9,NULL),(2024630066,NULL,9,NULL),(2024630066,NULL,9,NULL),(2024630067,NULL,103,NULL),(2024630067,NULL,101,NULL),(2024630067,NULL,104,NULL),(2024630067,NULL,102,NULL),(2024630067,NULL,104,NULL),(2024630068,NULL,723,NULL),(2024630068,NULL,721,NULL),(2024630068,NULL,721,NULL),(2024630068,NULL,723,NULL),(2024630069,NULL,201,NULL),(2024630069,NULL,203,NULL),(2024630069,NULL,201,NULL),(2024630069,NULL,203,NULL),(2024630070,NULL,402,NULL),(2024630070,NULL,401,NULL),(2024630070,NULL,405,NULL),(2024630070,NULL,401,NULL),(2024630071,NULL,723,NULL),(2024630071,NULL,722,NULL),(2024630071,NULL,723,NULL),(2024630071,NULL,722,NULL),(2024630072,NULL,503,NULL),(2024630072,NULL,503,NULL),(2024630072,NULL,504,NULL),(2024630072,NULL,504,NULL),(2024630072,NULL,504,NULL),(2024630073,NULL,303,NULL),(2024630073,NULL,303,NULL),(2024630073,NULL,302,NULL),(2024630073,NULL,304,NULL),(2024630073,NULL,304,NULL),(2024630074,NULL,7,NULL),(2024630074,NULL,7,NULL),(2024630074,NULL,8,NULL),(2024630074,NULL,7,NULL),(2024630075,NULL,702,NULL),(2024630075,NULL,705,NULL),(2024630075,NULL,702,NULL),(2024630075,NULL,703,NULL),(2024630076,NULL,303,NULL),(2024630076,NULL,304,NULL),(2024630076,NULL,301,NULL),(2024630076,NULL,302,NULL),(2024630077,NULL,9,NULL),(2024630077,NULL,10,NULL),(2024630077,NULL,8,NULL),(2024630077,NULL,10,NULL),(2024630078,NULL,201,NULL),(2024630078,NULL,201,NULL),(2024630078,NULL,202,NULL),(2024630078,NULL,202,NULL),(2024630078,NULL,204,NULL),(2024630079,NULL,504,NULL),(2024630079,NULL,501,NULL),(2024630079,NULL,502,NULL),(2024630079,NULL,501,NULL),(2024630079,NULL,501,NULL),(2024630080,NULL,601,NULL),(2024630080,NULL,602,NULL),(2024630080,NULL,602,NULL),(2024630080,NULL,604,NULL),(2024630081,NULL,404,NULL),(2024630081,NULL,403,NULL),(2024630081,NULL,403,NULL),(2024630081,NULL,403,NULL),(2024630082,NULL,204,NULL),(2024630082,NULL,201,NULL),(2024630082,NULL,202,NULL),(2024630082,NULL,203,NULL),(2024630083,NULL,8,NULL),(2024630083,NULL,8,NULL),(2024630083,NULL,9,NULL),(2024630083,NULL,7,NULL),(2024630084,NULL,55,NULL),(2024630084,NULL,55,NULL),(2024630084,NULL,54,NULL),(2024630084,NULL,55,NULL),(2024630085,NULL,401,NULL),(2024630085,NULL,404,NULL),(2024630085,NULL,403,NULL),(2024630085,NULL,401,NULL),(2024630086,NULL,721,NULL),(2024630086,NULL,723,NULL),(2024630086,NULL,721,NULL),(2024630086,NULL,722,NULL),(2024630086,NULL,722,NULL),(2024630087,NULL,101,NULL),(2024630087,NULL,104,NULL),(2024630087,NULL,103,NULL),(2024630087,NULL,101,NULL),(2024630088,NULL,721,NULL),(2024630088,NULL,721,NULL),(2024630088,NULL,723,NULL),(2024630088,NULL,721,NULL),(2024630088,NULL,723,NULL),(2024630089,NULL,403,NULL),(2024630089,NULL,402,NULL),(2024630089,NULL,401,NULL),(2024630089,NULL,402,NULL),(2024630089,NULL,401,NULL),(2024630090,NULL,701,NULL),(2024630090,NULL,704,NULL),(2024630090,NULL,701,NULL),(2024630090,NULL,703,NULL),(2024630090,NULL,703,NULL),(2024630091,NULL,722,NULL),(2024630091,NULL,723,NULL),(2024630091,NULL,721,NULL),(2024630091,NULL,723,NULL),(2024630092,NULL,723,NULL),(2024630092,NULL,723,NULL),(2024630092,NULL,721,NULL),(2024630092,NULL,723,NULL),(2024630092,NULL,722,NULL),(2024630093,NULL,722,NULL),(2024630093,NULL,721,NULL),(2024630093,NULL,723,NULL),(2024630093,NULL,723,NULL),(2024630094,NULL,7,NULL),(2024630094,NULL,7,NULL),(2024630094,NULL,9,NULL),(2024630094,NULL,7,NULL),(2024630095,NULL,103,NULL),(2024630095,NULL,103,NULL),(2024630095,NULL,102,NULL),(2024630095,NULL,103,NULL),(2024630096,NULL,201,NULL),(2024630096,NULL,204,NULL),(2024630096,NULL,203,NULL),(2024630096,NULL,202,NULL),(2024630096,NULL,205,NULL),(2024630097,NULL,603,NULL),(2024630097,NULL,603,NULL),(2024630097,NULL,601,NULL),(2024630097,NULL,605,NULL),(2024630098,NULL,205,NULL),(2024630098,NULL,202,NULL),(2024630098,NULL,205,NULL),(2024630098,NULL,205,NULL),(2024630098,NULL,202,NULL),(2024630099,NULL,202,NULL),(2024630099,NULL,203,NULL),(2024630099,NULL,205,NULL),(2024630099,NULL,202,NULL),(2024630099,NULL,201,NULL),(2024630100,NULL,7,NULL),(2024630100,NULL,9,NULL),(2024630100,NULL,10,NULL),(2024630100,NULL,7,NULL),(2024630006,NULL,1,NULL),(2024630002,NULL,1,NULL),(2024630003,NULL,1,NULL),(2024630004,NULL,1,NULL),(2024630005,NULL,1,NULL);
/*!40000 ALTER TABLE `horarios` ENABLE KEYS */;
UNLOCK TABLES;

--
-- Table structure for table `materias`
--

DROP TABLE IF EXISTS `materias`;
/*!40101 SET @saved_cs_client     = @@character_set_client */;
/*!50503 SET character_set_client = utf8mb4 */;
CREATE TABLE `materias` (
  `idMateria` int NOT NULL,
  `materia` text,
  `grupo` text,
  `salon` text,
  `laboratorio` text,
  `lunes` text,
  `martes` text,
  `miercoles` text,
  `jueves` text,
  `viernes` text,
  PRIMARY KEY (`idMateria`)
) ENGINE=InnoDB DEFAULT CHARSET=utf8mb4 COLLATE=utf8mb4_0900_ai_ci;
/*!40101 SET character_set_client = @saved_cs_client */;

--
-- Dumping data for table `materias`
--

LOCK TABLES `materias` WRITE;
/*!40000 ALTER TABLE `materias` DISABLE KEYS */;
INSERT INTO `materias` VALUES (1,'CÁLCULO','1AM1','3001','LMAT','8:30-10:00L','','8:30-10:00','8:30-10:00',''),(2,'COMUNICACIÓN ORAL Y ESCRITA','1AM1','3001','','','7:00-8:30L','7:00-8:30','','7:00-8:30'),(3,'FUNDAMENTOS DE PROGRAMACIÓN','1AM1','3001','LP1','7:00-8:30','','','7:00-8:30','8:30-10:00L'),(4,'INTRODUCCIÓN A LA CIENCIA DE DATOS','1AM1','3001','','','10:30-12:00','','12:00-13:30',''),(5,'MATEMÁTICAS DISCRETAS','1AM1','3001','LMD','10:30-12:00','8:30-10:00','12:00-13:30','10:30-12:00L',''),(6,'CÁLCULO','1AM2','3002','LMAT','10:30-12:00','8:30-10:00','','10:30-12:00L',''),(7,'COMUNICACIÓN ORAL Y ESCRITA','1AM2','3002','','7:00-8:30L','','','7:00-8:30','8:30-10:00'),(8,'FUNDAMENTOS DE PROGRAMACIÓN','1AM2','3002','LP1','','7:00-8:30','7:00-8:30L','','7:00-8:30'),(9,'INTRODUCCIÓN A LA CIENCIA DE DATOS','1AM2','3002','','','','10:30-12:00','','10:30-12:00'),(10,'MATEMÁTICAS DISCRETAS','1AM2','3002','LMD','8:30-10:00','10:30-12:00L','8:30-10:00','8:30-10:00',''),(11,'CÁLCULO','1AM3','3003','','13:30-15:00','13:30-15:00','','13:30-15:00L',''),(12,'CÁLCULO','1AV1','3001','LMAT','16:30-18:00','','16:30-18:00','16:30-18:00L',''),(13,'COMUNICACIÓN ORAL Y ESCRITA','1AV1','3001','','','15:00-16:30L','15:00-16:30','','15:00-16:30'),(14,'FUNDAMENTOS DE PROGRAMACIÓN','1AV1','3001','LCD1','18:30-20:00L','16:30-18:00','','18:30-20:00',''),(15,'INTRODUCCIÓN A LA CIENCIA DE DATOS','1AV1','3001','','','13:30-15:00','','','13:30-15:00'),(16,'MATEMÁTICAS DISCRETAS','1AV1','3001','LMD','15:00-16:30','','13:30-15:00L','15:00-16:30','16:30-18:00'),(17,'CÁLCULO','1AV2','3002','LMAT','18:30-20:00L','16:30-18:00','','18:30-20:00',''),(18,'COMUNICACIÓN ORAL Y ESCRITA','1AV2','3002','','15:00-16:30L','','','15:00-16:30','16:30-18:00'),(19,'FUNDAMENTOS DE PROGRAMACIÓN','1AV2','3002','LCD1','16:30-18:00','','16:30-18:00L','16:30-18:00',''),(20,'INTRODUCCIÓN A LA CIENCIA DE DATOS','1AV2','3002','','','18:30-20:00','18:30-20:00','',''),(21,'MATEMÁTICAS DISCRETAS','1AV2','3002','LMD','13:30-15:00L','15:00-16:30','15:00-16:30','','15:00-16:30'),(22,'CÁLCULO','1BM1','4001','LMAT','8:30-10:00','','8:30-10:00','8:30-10:00L',''),(23,'COMUNICACIÓN ORAL Y ESCRITA','1BM1','4001','','','7:00-8:30L','7:00-8:30','','7:00-8:30'),(24,'FUNDAMENTOS DE PROGRAMACIÓN','1BM1','4001','LP1','7:00-8:30','','','7:00-8:30L','8:30-10:00'),(25,'FUNDAMENTOS ECONÓMICOS','1BM1','4001','LGP1','12:00-13:30','','12:00-13:30','12:00-13:30L',''),(26,'MATEMÁTICAS DISCRETAS','1BM1','4001','LMD','10:30-12:00','8:30-10:00L','','10:30-12:00','12:00-13:30'),(27,'MECÁNICA Y ELECTROMAGNETISMO','1BM1','4001','LF','13:30-15:00L','10:30-12:00','10:30-12:00','','10:30-12:00'),(28,'CÁLCULO','1BM2','4002','LMAT','10:30-12:00','8:30-10:00L','','10:30-12:00',''),(29,'COMUNICACIÓN ORAL Y ESCRITA','1BM2','4002','','7:00-8:30L','','','7:00-8:30','8:30-10:00'),(30,'FUNDAMENTOS DE PROGRAMACIÓN','1BM2','4002','LP1','','7:00-8:30','7:00-8:30','','7:00-8:30L'),(31,'FUNDAMENTOS ECONÓMICOS','1BM2','4002','LGP1','','10:30-12:00','10:30-12:00L','','10:30-12:00'),(32,'MATEMÁTICAS DISCRETAS','1BM2','4002','LMD','8:30-10:00','','8:30-10:00','8:30-10:00','12:00-13:30L'),(33,'MECÁNICA Y ELECTROMAGNETISMO','1BM2','4002','LF','12:00-13:30','12:00-13:30','12:00-13:30L','12:00-13:30',''),(34,'CÁLCULO','1BV1','4001','LMAT','','18:30-20:00','18:30-20:00L','','18:30-20:00'),(35,'COMUNICACIÓN ORAL Y ESCRITA','1BV1','4001','','16:30-18:00L','','16:30-18:00','16:30-18:00',''),(36,'FUNDAMENTOS DE PROGRAMACIÓN','1BV1','4001','LP1','13:30-15:00','','13:30-15:00L','','13:30-15:00'),(37,'FUNDAMENTOS ECONÓMICOS','1BV1','4001','LGP1','18:30-20:00L','16:30-18:00','','18:30-20:00',''),(38,'MATEMÁTICAS DISCRETAS','1BV1','4001','LMD','15:00-16:30','13:30-15:00L','','15:00-16:30','16:30-18:00'),(39,'MECÁNICA Y ELECTROMAGNETISMO','1BV1','4001','LF','','15:00-16:30L','15:00-16:30','13:30-15:00','15:00-16:30'),(40,'CÁLCULO','1BV2','4002','LMAT','20:00-21:30L','','20:00-21:30','20:00-21:30',''),(41,'COMUNICACIÓN ORAL Y ESCRITA','1BV2','4002','','18:30-20:00L','16:30-18:00','','18:30-20:00',''),(42,'FUNDAMENTOS DE PROGRAMACIÓN','1BV2','4002','LP1','','18:30-20:00L','18:30-20:00','','18:30-20:00'),(43,'FUNDAMENTOS ECONÓMICOS','1BV2','4002','LGP1','16:30-18:00','','16:30-18:00L','16:30-18:00',''),(44,'MATEMÁTICAS DISCRETAS','1BV2','4002','LMD','','15:00-16:30','15:00-16:30','13:30-15:00L','15:00-16:30'),(45,'MECÁNICA Y ELECTROMAGNETISMO','1BV2','4002','LF','15:00-16:30L','13:30-15:00','','15:00-16:30','16:30-18:00'),(46,'ANÁLISIS VECTORIAL','1CM1','1001','LMA','7:00-8:30','','','7:00-8:30L','8:30-10:00'),(47,'CÁLCULO','1CM1','1001','LMAT','','7:00-8:30','7:00-8:30L','','7:00-8:30'),(48,'COMUNICACIÓN ORAL Y ESCRITA','1CM1','1001','','8:30-10:00L','','8:30-10:00','8:30-10:00',''),(49,'FUNDAMENTOS DE PROGRAMACIÓN','1CM1','1001','LP1','10:30-12:00L','8:30-10:00','','10:30-12:00',''),(50,'MATEMÁTICAS DISCRETAS','1CM1','1001','LMD','12:00-13:30L','10:30-12:00','10:30-12:00','','10:30-12:00'),(51,'ANÁLISIS VECTORIAL','1CM2','1002','LMA','','7:00-8:30','7:00-8:30L','','7:00-8:30'),(52,'CÁLCULO','1CM2','1002','LMAT','8:30-10:00','','8:30-10:00L','8:30-10:00',''),(53,'COMUNICACIÓN ORAL Y ESCRITA','1CM2','1002','LSOC','10:30-12:00L','8:30-10:00','','10:30-12:00',''),(54,'FUNDAMENTOS DE PROGRAMACIÓN','1CM2','1002','LP1','','10:30-12:00L','10:30-12:00','','10:30-12:00'),(55,'MATEMÁTICAS DISCRETAS','1CM2','1002','LMD','7:00-8:30','12:00-13:30L','','7:00-8:30','8:30-10:00'),(56,'ANÁLISIS VECTORIAL','1CM3','1003','LMA','8:30-10:00L','','8:30-10:00','8:30-10:00',''),(57,'CÁLCULO','1CM3','1003','LMAT','10:30-12:00L','8:30-10:00','','10:30-12:00',''),(58,'COMUNICACIÓN ORAL Y ESCRITA','1CM3','1003','','','10:30-12:00L','10:30-12:00','','10:30-12:00'),(59,'FUNDAMENTOS DE PROGRAMACIÓN','1CM3','1003','LP2','','12:00-13:30','','','08:30-13:30L'),(60,'MATEMÁTICAS DISCRETAS','1CM3','1003','LMD','12:00-13:30','7:00-8:30L','7:00-8:30','','7:00-8:30'),(61,'ANÁLISIS VECTORIAL','1CM4','1004','LMA','10:30-12:00','8:30-10:00L','','10:30-12:00',''),(62,'CÁLCULO','1CM4','1004','LMAT','','10:30-12:00','10:30-12:00L','','10:30-12:00'),(63,'COMUNICACIÓN ORAL Y ESCRITA','1CM4','1004','','7:00-8:30L','','','7:00-8:30','8:30-10:00'),(64,'FUNDAMENTOS DE PROGRAMACIÓN','1CM4','1004','LP1','','7:00-8:30L','7:00-8:30','','7:00-8:30'),(65,'MATEMÁTICAS DISCRETAS','1CM4','1004','LMD','8:30-10:00','12:00-13:30','8:30-10:00','8:30-10:00L',''),(66,'ANÁLISIS VECTORIAL','1CM5','1005','LMA','','10:30-12:00L','10:30-12:00','','10:30-12:00'),(67,'CÁLCULO','1CM5','1005','LMAT','7:00-8:30L','','','7:00-8:30','8:30-10:00'),(68,'COMUNICACIÓN ORAL Y ESCRITA','1CM5','1005','','','7:00-8:30L','7:00-8:30','','7:00-8:30'),(69,'FUNDAMENTOS DE PROGRAMACIÓN','1CM5','1005','LP1','8:30-10:00L','','8:30-10:00','8:30-10:00',''),(70,'MATEMÁTICAS DISCRETAS','1CM5','1005','LMD','10:30-12:00L','8:30-10:00','','10:30-12:00','12:00-13:30'),(71,'ANÁLISIS VECTORIAL','1CM6','1006','LMA','7:00-8:30L','','','7:00-8:30','8:30-10:00'),(72,'CÁLCULO','1CM6','1006','LMAT','','7:00-8:30L','7:00-8:30','','7:00-8:30'),(73,'COMUNICACIÓN ORAL Y ESCRITA','1CM6','1006','','8:30-10:00L','','8:30-10:00','8:30-10:00',''),(74,'FUNDAMENTOS DE PROGRAMACIÓN','1CM6','1006','LP3','10:30-12:00L','8:30-10:00','','10:30-12:00',''),(75,'MATEMÁTICAS DISCRETAS','1CM6','1006','LMD','','10:30-12:00','10:30-12:00L','12:00-13:30','10:30-12:00'),(76,'ANÁLISIS VECTORIAL','1CM7','1007','LMA','8:30-10:00','','8:30-10:00L','8:30-10:00',''),(77,'CÁLCULO','1CM7','1007','LMAT','12:00-13:30L','','12:00-13:30','12:00-13:30',''),(78,'FUNDAMENTOS DE PROGRAMACIÓN','1CM7','1007','LP1','','10:30-12:00','10:30-12:00L','','10:30-12:00'),(79,'MATEMÁTICAS DISCRETAS','1CM7','1007','LMD','7:00-8:30','','7:00-8:30L','7:00-8:30','8:30-10:00'),(80,'ANÁLISIS VECTORIAL','1CM8','1008','','12:00-13:30','','12:00-13:30','12:00-13:30L',''),(81,'CÁLCULO','1CM8','1008','','','12:00-13:30','13:30-15:00','','12:00-13:30L'),(82,'ANÁLISIS VECTORIAL','1CV1','1001','LMA','15:00-16:30L','','','15:00-16:30','16:30-18:00'),(83,'CÁLCULO','1CV1','1001','LMAT','','15:00-16:30','15:00-16:30L','','15:00-16:30'),(84,'COMUNICACIÓN ORAL Y ESCRITA','1CV1','1001','','16:30-18:00L','','16:30-18:00','16:30-18:00',''),(85,'FUNDAMENTOS DE PROGRAMACIÓN','1CV1','1001','LP1','18:30-20:00L','16:30-18:00','','18:30-20:00',''),(86,'MATEMÁTICAS DISCRETAS','1CV1','1001','LMD','20:00-21:30','18:30-20:00','18:30-20:00L','20:00-21:30',''),(87,'ANÁLISIS VECTORIAL','1CV2','1002','LMA','','15:00-16:30L','15:00-16:30','','15:00-16:30'),(88,'CÁLCULO','1CV2','1002','LMAT','16:30-18:00','','16:30-18:00L','16:30-18:00',''),(89,'COMUNICACIÓN ORAL Y ESCRITA','1CV2','1002','','18:30-20:00L','16:30-18:00','','18:30-20:00',''),(90,'FUNDAMENTOS DE PROGRAMACIÓN','1CV2','1002','LP1','','18:30-20:00','18:30-20:00L','','18:30-20:00'),(91,'MATEMÁTICAS DISCRETAS','1CV2','1002','LMD','15:00-16:30L','13:30-15:00','','15:00-16:30','16:30-18:00'),(92,'ANÁLISIS VECTORIAL','1CV3','1003','LMA','16:30-18:00L','','16:30-18:00','16:30-18:00',''),(93,'CÁLCULO','1CV3','1003','LMAT','18:30-20:00','16:30-18:00L','','18:30-20:00',''),(94,'COMUNICACIÓN ORAL Y ESCRITA','1CV3','1003','','','18:30-20:00L','18:30-20:00','','18:30-20:00'),(95,'FUNDAMENTOS DE PROGRAMACIÓN','1CV3','1003','LP1','15:00-16:30L','','','15:00-16:30','16:30-18:00'),(96,'MATEMÁTICAS DISCRETAS','1CV3','1003','LMD','','15:00-16:30L','15:00-16:30','13:30-15:00','15:00-16:30'),(97,'ANÁLISIS VECTORIAL','1CV4','1004','LMA','18:30-20:00L','16:30-18:00','','18:30-20:00',''),(98,'CÁLCULO','1CV4','1004','LMAT','','18:30-20:00L','18:30-20:00','','18:30-20:00'),(99,'COMUNICACIÓN ORAL Y ESCRITA','1CV4','1004','','15:00-16:30L','','','15:00-16:30','16:30-18:00'),(100,'FUNDAMENTOS DE PROGRAMACIÓN','1CV4','1004','LP1','','15:00-16:30L','15:00-16:30','','15:00-16:30'),(101,'MATEMÁTICAS DISCRETAS','1CV4','1004','LMD','16:30-18:00','13:30-15:00','16:30-18:00L','16:30-18:00',''),(102,'ANÁLISIS VECTORIAL','1CV5','1005','LMA','','18:30-20:00L','18:30-20:00','','18:30-20:00'),(103,'CÁLCULO','1CV5','1005','LMAT','15:00-16:30L','','','15:00-16:30','16:30-18:00'),(104,'COMUNICACIÓN ORAL Y ESCRITA','1CV5','1005','','','15:00-16:30L','15:00-16:30','','15:00-16:30'),(105,'COMUNICACIÓN ORAL Y ESCRITA (LAB)','1CV5','1005','','','15:00-16:30','','',''),(106,'FUNDAMENTOS DE PROGRAMACIÓN','1CV5','1005','LP1','16:30-18:00L','','16:30-18:00','16:30-18:00',''),(107,'MATEMÁTICAS DISCRETAS','1CV5','1006','LMD','18:30-20:00','20:00-21:30','20:00-21:30','18:30-20:00L',''),(108,'ANÁLISIS VECTORIAL','1CV6','1006','LMA','15:00-16:30','','','15:00-16:30L','16:30-18:00'),(109,'CÁLCULO','1CV6','1006','LMAT','','15:00-16:30L','15:00-16:30','','15:00-16:30'),(110,'MATEMÁTICAS DISCRETAS','1CV6','1006','LMD','','18:30-20:00L','18:30-20:00','13:30-15:00','18:30-20:00'),(111,'ARQUITECTURA DE DISPOSITIVOS MÓVILES','1MCM1','2007','','','10:30-12:00','10:30-12:00','','10:30-12:00'),(112,'MÉTODOS MATEMÁTICOS PARA EL ANÁLISIS DE SISTEMAS Y SEÑALES','1MCM1','2007','','15:00-16:30','15:00-16:30','15:00-16:30','','15:00-16:30'),(113,'SEMINARIO I','1MCM1','2007','','','12:00-13:30','13:30-15:00','',''),(114,'ÁLGEBRA LINEAL','2AM1','3004','LMD','8:30-10:00L','','8:30-10:00','8:30-10:00',''),(115,'ALGORITMOS Y ESTRUCTURAS DE DATOS','2AM1','3004','LP3','7:00-8:30','','','7:00-8:30','8:30-10:00L'),(116,'CÁLCULO MULTIVARIABLE','2AM1','3004','LF','','10:30-12:00','10:30-12:00L','12:00-13:30','10:30-12:00'),(117,'ÉTICA Y LEGALIDAD','2AM1','3004','','','7:00-8:30','7:00-8:30','','7:00-8:30'),(118,'FUNDAMENTOS ECONÓMICOS','2AM1','3004','LGP3','10:30-12:00','8:30-10:00L','','10:30-12:00',''),(119,'ÁLGEBRA LINEAL','2AM2','3005','LMD','8:30-10:00','','8:30-10:00L','8:30-10:00',''),(120,'ALGORITMOS Y ESTRUCTURAS DE DATOS','2AM2','3005','LP3','','7:00-8:30L','7:00-8:30','','7:00-8:30'),(121,'CÁLCULO MULTIVARIABLE','2AM2','3005','LF','10:30-12:00','8:30-10:00','12:00-13:30','10:30-12:00L',''),(122,'ÉTICA Y LEGALIDAD','2AM2','3005','','7:00-8:30','','','7:00-8:30','8:30-10:00'),(123,'FUNDAMENTOS ECONÓMICOS','2AM2','3005','LGP2','','10:30-12:00','10:30-12:00','','10:30-12:00L'),(124,'ÁLGEBRA LINEAL','2AV1','3004','','','15:00-16:30','15:00-16:30','','15:00-16:30L'),(125,'ALGORITMOS Y ESTRUCTURAS DE DATOS','2AV1','3004','LP3','15:00-16:30','','','15:00-16:30L','16:30-18:00'),(126,'CÁLCULO MULTIVARIABLE','2AV1','3004','LF','16:30-18:00','20:00-21:30L','16:30-18:00','16:30-18:00',''),(127,'ÉTICA Y LEGALIDAD','2AV1','3004','','','18:30-20:00','18:30-20:00','','18:30-20:00'),(128,'FUNDAMENTOS ECONÓMICOS','2AV1','3004','LGP1','18:30-20:00','16:30-18:00L','','18:30-20:00',''),(129,'ÁLGEBRA LINEAL','2AV2','3005','','15:00-16:30','','','15:00-16:30','16:30-18:00L'),(130,'ALGORITMOS Y ESTRUCTURAS DE DATOS','2AV2','3005','LP1','16:30-18:00','','16:30-18:00L','16:30-18:00',''),(131,'CÁLCULO MULTIVARIABLE','2AV2','3005','LF','','15:00-16:30','15:00-16:30','13:30-15:00L','15:00-16:30'),(132,'ÁLGEBRA LINEAL','2BM1','4003','','12:00-13:30','','12:00-13:30','12:00-13:30',''),(133,'ALGORITMOS Y ESTRUCTURAS DE DATOS','2BM1','4003','LP2','8:30-10:00','','8:30-10:00','8:30-10:00L',''),(134,'CÁLCULO MULTIVARIABLE','2BM1','4003','LF','10:30-12:00','8:30-10:00L','','10:30-12:00',''),(135,'FINANZAS EMPRESARIALES','2BM1','4003','','','7:00-8:30','7:00-8:30','','7:00-8:30L'),(136,'FUNDAMENTOS DE DISEÑO DIGITAL','2BM1','4003','LD2','','10:30-12:00','10:30-12:00L','','10:30-12:00'),(137,'INGENIERÍA ÉTICA Y SOCIEDAD','2BM1','4003','','7:00-8:30','','','7:00-8:30','8:30-10:00'),(138,'ÁLGEBRA LINEAL','2BM2','4004','','','10:30-12:00','10:30-12:00','','10:30-12:00'),(139,'ALGORITMOS Y ESTRUCTURAS DE DATOS','2BM2','4004','LP2','10:30-12:00','8:30-10:00','','10:30-12:00L',''),(140,'CÁLCULO MULTIVARIABLE','2BM2','4004','LF','8:30-10:00L','','8:30-10:00','8:30-10:00',''),(141,'FINANZAS EMPRESARIALES','2BM2','4004','','7:00-8:30','','','7:00-8:30','8:30-10:00L'),(142,'FUNDAMENTOS DE DISEÑO DIGITAL','2BM2','4004','LD2','12:00-13:30','','12:00-13:30L','12:00-13:30',''),(143,'INGENIERÍA ÉTICA Y SOCIEDAD','2BM2','4004','','','7:00-8:30','7:00-8:30','','7:00-8:30'),(144,'ÁLGEBRA LINEAL','2BV1','4003','','','18:30-20:00','18:30-20:00','','18:30-20:00'),(145,'ALGORITMOS Y ESTRUCTURAS DE DATOS','2BV1','4003','LIA1','18:30-20:00','16:30-18:00L','','18:30-20:00',''),(146,'CÁLCULO MULTIVARIABLE','2BV1','4003','LF','16:30-18:00L','','16:30-18:00','16:30-18:00',''),(147,'FINANZAS EMPRESARIALES','2BV1','4003','','15:00-16:30','','','15:00-16:30','16:30-18:00L'),(148,'FUNDAMENTOS DE DISEÑO DIGITAL','2BV1','4003','LD1','','15:00-16:30','15:00-16:30','','15:00-16:30L'),(149,'INGENIERÍA ÉTICA Y SOCIEDAD','2BV1','4003','','13:30-15:00','13:30-15:00','','13:30-15:00',''),(150,'ÁLGEBRA LINEAL','2BV2','4004','','18:30-20:00','16:30-18:00','','18:30-20:00',''),(151,'ALGORITMOS Y ESTRUCTURAS DE DATOS','2BV2','4004','LP2','','18:30-20:00','18:30-20:00','','18:30-20:00L'),(152,'CÁLCULO MULTIVARIABLE','2BV2','4004','LF','15:00-16:30','','','15:00-16:30L','16:30-18:00'),(153,'FINANZAS EMPRESARIALES','2BV2','4004','','','15:00-16:30','15:00-16:30','','15:00-16:30L'),(154,'FUNDAMENTOS DE DISEÑO DIGITAL','2BV2','4004','LD2','16:30-18:00','','16:30-18:00','16:30-18:00L',''),(155,'INGENIERÍA ÉTICA Y SOCIEDAD','2BV2','4004','','20:00-21:30','','20:00-21:30','20:00-21:30',''),(156,'ÁLGEBRA LINEAL','2CM1','1007','','','7:00-8:30','7:00-8:30','','7:00-8:30'),(157,'ALGORITMOS Y ESTRUCTURAS DE DATOS','2CM1','1007','LP2','7:00-8:30L','','','7:00-8:30','8:30-10:00'),(158,'CÁLCULO APLICADO','2CM1','1007','LMA','8:30-10:00','','8:30-10:00','8:30-10:00L',''),(159,'FUNDAMENTOS ECONÓMICOS','2CM1','1007','LGP1','10:30-12:00L','8:30-10:00','','10:30-12:00',''),(160,'INGENIERÍA ÉTICA Y SOCIEDAD','2CM1','1007','','','10:30-12:00','10:30-12:00','','10:30-12:00'),(161,'MECÁNICA Y ELECTROMAGNETISMO','2CM1','1007','LF','12:00-13:30','12:00-13:30','12:00-13:30','12:00-13:30L',''),(162,'ÁLGEBRA LINEAL','2CM2','1008','','8:30-10:00','','8:30-10:00','8:30-10:00',''),(163,'ALGORITMOS Y ESTRUCTURAS DE DATOS','2CM2','1008','LP2','','7:00-8:30L','7:00-8:30','','7:00-8:30'),(164,'CÁLCULO APLICADO','2CM2','1008','LMA','10:30-12:00L','8:30-10:00','','10:30-12:00',''),(165,'FUNDAMENTOS ECONÓMICOS','2CM2','1008','LGP2','','10:30-12:00','10:30-12:00L','','10:30-12:00'),(166,'INGENIERÍA ÉTICA Y SOCIEDAD','2CM2','1008','','12:00-13:30','','12:00-13:30','12:00-13:30',''),(167,'MECÁNICA Y ELECTROMAGNETISMO','2CM2','1008','LF','7:00-8:30','12:00-13:30','','7:00-8:30','8:30-10:00L'),(168,'ÁLGEBRA LINEAL','2CM3','1009','','10:30-12:00','8:30-10:00','','10:30-12:00',''),(169,'ALGORITMOS Y ESTRUCTURAS DE DATOS','2CM3','1009','LP2','8:30-10:00L','','8:30-10:00','8:30-10:00',''),(170,'CÁLCULO APLICADO','2CM3','1009','LMA','','10:30-12:00','10:30-12:00L','','10:30-12:00'),(171,'FUNDAMENTOS ECONÓMICOS','2CM3','1009','LGP1','12:00-13:30L','','12:00-13:30','12:00-13:30',''),(172,'INGENIERÍA ÉTICA Y SOCIEDAD','2CM3','1009','','7:00-8:30','','','7:00-8:30','8:30-10:00'),(173,'MECÁNICA Y ELECTROMAGNETISMO','2CM3','1009','LF','','12:00-8:30L','7:00-8:30','','7:00-8:30'),(174,'ÁLGEBRA LINEAL','2CM4','1010','','','10:30-12:00','10:30-12:00','','10:30-12:00'),(175,'ALGORITMOS Y ESTRUCTURAS DE DATOS','2CM4','1010','LP2','10:30-12:00L','8:30-10:00','','10:30-12:00',''),(176,'CÁLCULO APLICADO','2CM4','1010','LMA','12:00-13:30','','12:00-13:30','12:00-13:30L',''),(177,'FUNDAMENTOS ECONÓMICOS','2CM4','1010','LGP1','7:00-8:30L','','','7:00-8:30','8:30-10:00'),(178,'INGENIERÍA ÉTICA Y SOCIEDAD','2CM4','1010','','','7:00-8:30','7:00-8:30','','7:00-8:30'),(179,'MECÁNICA Y ELECTROMAGNETISMO','2CM4','1010','LF','8:30-10:00','12:00-13:30','8:30-10:00L','8:30-10:00',''),(180,'ÁLGEBRA LINEAL','2CM5','1011','','12:00-13:30','','12:00-13:30','12:00-13:30',''),(181,'ALGORITMOS Y ESTRUCTURAS DE DATOS','2CM5','1011','LP2','','10:30-12:00L','10:30-12:00','','10:30-12:00'),(182,'CÁLCULO APLICADO','2CM5','1011','LMA','7:00-8:30','','','7:00-8:30','8:30-10:00L'),(183,'FUNDAMENTOS ECONÓMICOS','2CM5','1011','LGP1','','7:00-8:30','7:00-8:30L','','7:00-8:30'),(184,'INGENIERÍA ÉTICA Y SOCIEDAD','2CM5','1011','','8:30-10:00','','8:30-10:00','8:30-10:00',''),(185,'MECÁNICA Y ELECTROMAGNETISMO','2CM5','1011','LF','10:30-12:00L','8:30-10:00','','10:30-12:00','12:00-13:30'),(186,'ÁLGEBRA LINEAL','2CM6','1012','','7:00-8:30','','','7:00-8:30','8:30-10:00'),(187,'ALGORITMOS Y ESTRUCTURAS DE DATOS','2CM6','1012','LP2','12:00-13:30L','','12:00-13:30','12:00-13:30',''),(188,'CÁLCULO APLICADO','2CM6','1012','LMA','','7:00-8:30L','7:00-8:30','','7:00-8:30'),(189,'MECÁNICA Y ELECTROMAGNETISMO','2CM6','1012','LF','13:30-15:00','10:30-12:00L','10:30-12:00','','10:30-12:00'),(190,'ÁLGEBRA LINEAL','2CV1','1007','','','15:00-16:30','15:00-16:30','','15:00-16:30'),(191,'ALGORITMOS Y ESTRUCTURAS DE DATOS','2CV1','1007','LP2','15:00-16:30L','','','15:00-16:30','16:30-18:00'),(192,'CÁLCULO APLICADO','2CV1','1007','LMA','16:30-18:00','','16:30-18:00L','16:30-18:00',''),(193,'FUNDAMENTOS ECONÓMICOS','2CV1','1007','LR','18:30-20:00L','16:30-18:00','','18:30-20:00',''),(194,'INGENIERÍA ÉTICA Y SOCIEDAD','2CV1','1007','','','18:30-20:00','18:30-20:00','','18:30-20:00'),(195,'MECÁNICA Y ELECTROMAGNETISMO','2CV1','1007','LF','13:30-15:00','13:30-15:00','13:30-15:00L','','13:30-15:00'),(196,'ÁLGEBRA LINEAL','2CV2','1008','','15:00-16:30','','','15:00-16:30','16:30-18:00'),(197,'ALGORITMOS Y ESTRUCTURAS DE DATOS','2CV2','1008','LP2','','15:00-16:30L','15:00-16:30','','15:00-16:30'),(198,'CÁLCULO APLICADO','2CV2','1008','LMA','18:30-20:00','16:30-18:00L','','18:30-20:00',''),(199,'FUNDAMENTOS ECONÓMICOS','2CV2','1008','LGP1','','18:30-20:00L','18:30-20:00','','18:30-20:00'),(200,'INGENIERÍA ÉTICA Y SOCIEDAD','2CV2','1008','','20:00-21:30','','20:00-21:30','20:00-21:30',''),(201,'MECÁNICA Y ELECTROMAGNETISMO','2CV2','1008','LF','16:30-18:00','20:00-21:30','16:30-18:00L','16:30-18:00',''),(202,'ÁLGEBRA LINEAL','2CV3','1009','','18:30-20:00','16:30-18:00','','18:30-20:00',''),(203,'ALGORITMOS Y ESTRUCTURAS DE DATOS','2CV3','1009','LP2','16:30-18:00L','','16:30-18:00','16:30-18:00',''),(204,'CÁLCULO APLICADO','2CV3','1009','LMA','','18:30-20:00','18:30-20:00L','','18:30-20:00'),(205,'FUNDAMENTOS ECONÓMICOS','2CV3','1009','LGP2','20:00-21:30','','20:00-21:30L','20:00-21:30',''),(206,'INGENIERÍA ÉTICA Y SOCIEDAD','2CV3','1009','','15:00-16:30','','','15:00-16:30','16:30-18:00'),(207,'MECÁNICA Y ELECTROMAGNETISMO','2CV3','1009','LF','','15:00-16:30','15:00-16:30L','13:30-15:00','15:00-16:30'),(208,'ÁLGEBRA LINEAL','2CV4','1010','','','18:30-20:00','18:30-20:00','','18:30-20:00'),(209,'ALGORITMOS Y ESTRUCTURAS DE DATOS','2CV4','1010','LP2','18:30-20:00L','16:30-18:00','','18:30-20:00',''),(210,'CÁLCULO APLICADO','2CV4','1010','LMA','20:00-21:30','','20:00-21:30','20:00-21:30L',''),(211,'FUNDAMENTOS ECONÓMICOS','2CV4','1010','LGP1','15:00-16:30L','','','15:00-16:30','16:30-18:00'),(212,'INGENIERÍA ÉTICA Y SOCIEDAD','2CV4','1010','','','15:00-16:30','15:00-16:30','','15:00-16:30'),(213,'MECÁNICA Y ELECTROMAGNETISMO','2CV4','1010','LF','16:30-18:00','13:30-15:00','16:30-18:00','16:30-18:00L',''),(214,'ÁLGEBRA LINEAL','2CV5','1011','','20:00-21:30','','20:00-21:30','20:00-21:30',''),(215,'CÁLCULO APLICADO','2CV5','1011','LMA','15:00-16:30','','','15:00-16:30','16:30-18:00L'),(216,'MECÁNICA Y ELECTROMAGNETISMO','2CV5','1011','LF','18:30-20:00','16:30-18:00L','13:30-15:00','18:30-20:00',''),(217,'FUNDAMENTOS DE COMUNICACIONES MÓVILES','2MCM1','2008','','10:30-12:00','8:30-10:00','','10:30-12:00',''),(218,'REDES INALÁMBRICAS','2MCM1','2008','','','15:00-16:30','15:00-16:30','','15:00-16:30'),(219,'SEGURIDAD EN REDES INALÁMBRICAS (LAB)','2MCM1','2008','','15:00-16:30L','','','15:00-16:30','16:30-18:00'),(220,'SEMINARIO II','2MCM1','2008','','','10:30-12:00','10:30-12:00','','10:30-12:00'),(221,'SISTEMAS OPERATIVOS PARA CÓMPUTO MÓVIL','2MCM1','2008','','','15:00-16:30','15:00-16:30','','15:00-16:00'),(222,'TÓPICOS EN INTELIGENCIA ARTIFICIAL ACTUAL','2MCM1','2008','','13:30-15:00','13:30-15:00','','13:30-15:00',''),(223,'ANÁLISIS Y DISEÑO DE ALGORITMOS','3AM1','3006','LP3','','10:30-12:00L','10:30-12:00','','10:30-12:00'),(224,'BASES DE DATOS','3AM1','3006','LS3','8:30-10:00','','8:30-10:00','8:30-10:00L',''),(225,'FINANZAS EMPRESARIALES','3AM1','3006','LGP1','7:00-8:30','','','7:00-8:30','8:30-10:00L'),(226,'MÉTODOS NUMÉRICOS','3AM1','3006','LCD1','12:00-13:30','12:00-13:30','12:00-13:30L','12:00-13:30',''),(227,'PROBABILIDAD','3AM1','3006','LMA','10:30-12:00','8:30-10:00','','10:30-12:00','12:00-13:30L'),(228,'PROGRAMACIÓN PARA LA CIENCIA DE DATOS','3AM1','3006','LCD1','','7:00-8:30L','7:00-8:30','','7:00-8:30'),(229,'ANÁLISIS Y DISEÑO DE ALGORITMOS','3AM2','3007','LP2','','7:00-8:30','7:00-8:30L','','7:00-8:30'),(230,'BASES DE DATOS','3AM2','3007','LS3','7:00-8:30L','','','7:00-8:30','8:30-10:00'),(231,'FINANZAS EMPRESARIALES','3AM2','3007','LGP1','','10:30-12:00L','10:30-12:00','','10:30-12:00'),(232,'MÉTODOS NUMÉRICOS','3AM2','3007','LCD1','10:30-12:00','8:30-10:00','','10:30-12:00L','12:00-13:30'),(233,'PROBABILIDAD','3AM2','3007','','12:00-13:30','12:00-13:30','12:00-13:30L','12:00-13:30',''),(234,'PROGRAMACIÓN PARA LA CIENCIA DE DATOS','3AM2','3007','LCD1','8:30-10:00L','','8:30-10:00','8:30-10:00',''),(235,'ANÁLISIS Y DISEÑO DE ALGORITMOS','3AV1','3006','LCD1','20:00-21:30','','20:00-21:30','20:00-21:30L',''),(236,'BASES DE DATOS','3AV1','3006','LS3','16:30-18:00','','16:30-18:00L','16:30-18:00',''),(237,'FINANZAS EMPRESARIALES','3AV1','3006','LGP1','18:30-20:00','16:30-18:00','','18:30-20:00L',''),(238,'MÉTODOS NUMÉRICOS','3AV1','3006','LP1','','15:00-16:30','15:00-16:30L','13:30-15:00','15:00-16:30'),(239,'PROBABILIDAD','3AV1','3006','LMAT','15:00-16:30','13:30-15:00','','15:00-16:30L','16:30-18:00'),(240,'PROGRAMACIÓN PARA LA CIENCIA DE DATOS','3AV1','3006','LCD1','','18:30-20:00L','18:30-20:00','','18:30-20:00'),(241,'ANÁLISIS Y DISEÑO DE ALGORITMOS','3BM1','4005','LP3','10:30-12:00','8:30-10:00L','','10:30-12:00',''),(242,'BASES DE DATOS','3BM1','4005','LS1','','7:00-8:30','7:00-8:30','','7:00-8:30L'),(243,'DISEÑO DE SISTEMAS DIGITALES','3BM1','4005','LD2','7:00-8:30','','','7:00-8:30','8:30-10:00L'),(244,'ECUACIONES DIFERENCIALES','3BM1','4005','','','10:30-12:00','10:30-12:00','','10:30-12:00'),(245,'LIDERAZGO PERSONAL','3BM1','4005','','8:30-10:00L','','8:30-10:00','8:30-10:00',''),(246,'PARADIGMAS DE PROGRAMACIÓN','3BM1','4005','LP3','12:00-13:30','','12:00-13:30','12:00-13:30L',''),(247,'ANÁLISIS Y DISEÑO DE ALGORITMOS','3BM2','4006','LP3','8:30-10:00','','8:30-10:00L','8:30-10:00',''),(248,'BASES DE DATOS','3BM2','4006','LS2','7:00-8:30L','','','7:00-8:30','8:30-10:00'),(249,'DISEÑO DE SISTEMAS DIGITALES','3BM2','4006','LD2','','7:00-8:30','7:00-8:30','','7:00-8:30L'),(250,'ECUACIONES DIFERENCIALES','3BM2','4006','','12:00-13:30','','12:00-13:30','12:00-13:30',''),(251,'LIDERAZGO PERSONAL','3BM2','4006','','10:30-12:00L','08:30-10:00','','10:30-12:00',''),(252,'PARADIGMAS DE PROGRAMACIÓN','3BM2','4006','LP3','','10:30-12:00','10:30-12:00','','10:30-12:00L'),(253,'ANÁLISIS Y DISEÑO DE ALGORITMOS','3BV1','4005','LP3','','15:00-16:30','15:00-16:30L','','15:00-16:30'),(254,'BASES DE DATOS','3BV1','4005','LS2','18:30-20:00L','16:30-18:00','','18:30-20:00',''),(255,'DISEÑO DE SISTEMAS DIGITALES','3BV1','4005','LD2','15:00-16:30','','','15:00-16:30L','16:30-18:00'),(256,'ECUACIONES DIFERENCIALES','3BV1','4005','','','18:30-20:00','18:30-20:00','','18:30-20:00'),(257,'LIDERAZGO PERSONAL','3BV1','4005','','20:00-21:30L','','20:00-21:30','20:00-21:30',''),(258,'PARADIGMAS DE PROGRAMACIÓN','3BV1','4005','LP3','16:30-18:00','','16:30-18:00','16:30-18:00L',''),(259,'ANÁLISIS Y DISEÑO DE ALGORITMOS','3BV2','4006','LP2','15:00-16:30','','','15:00-16:30L','16:30-18:00'),(260,'BASES DE DATOS','3BV2','4006','LS1','16:30-18:00','','16:30-18:00','16:30-18:00L',''),(261,'DISEÑO DE SISTEMAS DIGITALES','3BV2','4006','LD2','','15:00-16:30L','15:00-16:30','','15:00-16:30'),(262,'ECUACIONES DIFERENCIALES','3BV2','4006','','18:30-20:00','16:30-18:00','','18:30-20:00',''),(263,'LIDERAZGO PERSONAL','3BV2','4006','','13:30-15:00L','13:30-15:00','','13:30-15:00',''),(264,'PARADIGMAS DE PROGRAMACIÓN','3BV2','4006','LP3','','18:30-20:00L','18:30-20:00','','18:30-20:00'),(265,'ANÁLISIS Y DISEÑO DE ALGORITMOS','3CM1','1012','LP3','7:00-8:30L','','','7:00-8:30','8:30-10:00'),(266,'BASES DE DATOS','3CM1','1012','LS1','','7:00-8:30L','7:00-8:30','','7:00-8:30'),(267,'CIRCUITOS ELÉCTRICOS','3CM1','1012','LE1','8:30-10:00','','8:30-10:00L','8:30-10:00',''),(268,'CIRCUITOS ELÉCTRICOS (LAB)','3CM1','1012','LE1','','','8:30-10:00','',''),(269,'ECUACIONES DIFERENCIALES','3CM1','1012','','10:30-12:00','8:30-10:00','','10:30-12:00',''),(270,'FINANZAS EMPRESARIALES','3CM1','1012','LGP2','12:00-13:30','','12:00-13:30','12:00-13:30L',''),(271,'FUNDAMENTOS DE DISEÑO DIGITAL','3CM1','1012','LD2','','10:30-12:00L','10:30-12:00','','10:30-12:00'),(272,'PARADIGMAS DE PROGRAMACIÓN','3CM1','1012','LP3','','12:00-13:30','13:30-15:00','','12:00-13:30L'),(273,'ECONOMIC ENGINEERING','3CM11','2009','','7:00-8:30','','','7:00-8:30L','8:30-10:00'),(274,'INTRODUCCIÓN A LOS MICROCONTROLADORES','3CM11','2009','LD2','8:30-10:00','','8:30-10:00','8:30-10:00L',''),(275,'IT GOVERNANCE','3CM11','2009','LS4','10:30-12:00','8:30-10:00','','10:30-12:00L',''),(276,'SOFTWARE ENGINEERING FOR MOBILE DEVICES','3CM11','2009','LS4','','12:00-13:30','13:30-15:00L','','12:00-13:30'),(277,'TEORÍA DE COMUNICACIONES Y SEÑALES','3CM12','2009','LD1','10:30-12:00','8:30-10:00','','10:30-12:00L',''),(278,'ANÁLISIS Y DISEÑO DE ALGORITMOS','3CM2','1013','LP3','','7:00-8:30','7:00-8:30L','','7:00-8:30'),(279,'BASES DE DATOS','3CM2','1013','LS1','8:30-10:00L','','8:30-10:00','8:30-10:00',''),(280,'CIRCUITOS ELÉCTRICOS','3CM2','1013','LE1','10:30-12:00','08:30-10:00L','','10:30-12:00',''),(281,'CIRCUITOS ELÉCTRICOS (LAB)','3CM2','1013','LE1','','8:30-10:00','','',''),(282,'ECUACIONES DIFERENCIALES','3CM2','1013','','','10:30-12:00','10:30-12:00','','10:30-12:00'),(283,'FINANZAS EMPRESARIALES','3CM2','1013','LGP1','','12:00-13:30L','13:30-15:00','','12:00-13:30'),(284,'FUNDAMENTOS DE DISEÑO DIGITAL','3CM2','1013','LD2','12:00-13:30L','','12:00-13:30','12:00-13:30',''),(285,'PARADIGMAS DE PROGRAMACIÓN','3CM2','1013','LP3','7:00-8:30','','','7:00-8:30L','8:30-10:00'),(286,'ANÁLISIS Y DISEÑO DE ALGORITMOS','3CM3','1014','LP3','8:30-10:00','','8:30-10:00','8:30-10:00L',''),(287,'BASES DE DATOS','3CM3','1014','LS1','10:30-12:00L','8:30-10:00','','10:30-12:00',''),(288,'CIRCUITOS ELÉCTRICOS','3CM3','1014','LE1','','10:30-12:00L','10:30-12:00','','10:30-12:00'),(289,'ECUACIONES DIFERENCIALES','3CM3','1014','','12:00-13:30','','12:00-13:30','12:00-13:30',''),(290,'FINANZAS EMPRESARIALES','3CM3','1014','LGP2','7:00-8:30','','','7:00-8:30L','8:30-10:00'),(291,'FUNDAMENTOS DE DISEÑO DIGITAL','3CM3','1014','LD2','','12:00-13:30L','13:30-15:00','','12:00-13:30'),(292,'PARADIGMAS DE PROGRAMACIÓN','3CM3','1014','LP3','','7:00-8:30','7:00-8:30','','7:00-8:30L'),(293,'ANÁLISIS Y DISEÑO DE ALGORITMOS','3CM4','1106','LP3','10:30-12:00','8:30-10:00','','10:30-12:00L',''),(294,'BASES DE DATOS','3CM4','1106','LS1','','10:30-12:00L','10:30-12:00','','10:30-12:00'),(295,'CIRCUITOS ELÉCTRICOS','3CM4','1106','LE1','12:00-13:30L','','12:00-13:30','12:00-13:30',''),(296,'ECUACIONES DIFERENCIALES','3CM4','1106','','','12:00-13:30','13:30-15:00','','12:00-13:30'),(297,'FINANZAS EMPRESARIALES','3CM4','1106','LGP1','','7:00-8:30L','7:00-8:30','','7:00-8:30'),(298,'FUNDAMENTOS DE DISEÑO DIGITAL','3CM4','1106','LD2','7:00-8:30L','','','7:00-8:30','8:30-10:00'),(299,'PARADIGMAS DE PROGRAMACIÓN','3CM4','1106','LS4','08:30-10:00','','8:30-10:00','08:30-10:00L',''),(300,'ANÁLISIS Y DISEÑO DE ALGORITMOS','3CM5','1107','LP3','','10:30-12:00','10:30-12:00L','','10:30-12:00'),(301,'BASES DE DATOS','3CM5','1107','LS1','12:00-13:30L','','12:00-13:30','12:00-13:30',''),(302,'CIRCUITOS ELÉCTRICOS','3CM5','1107','LE1','','12:00-13:30L','13:30-15:00','','12:00-13:30'),(303,'ECUACIONES DIFERENCIALES','3CM5','1107','','7:00-8:30','','','7:00-8:30','8:30-10:00'),(304,'FINANZAS EMPRESARIALES','3CM5','1107','LGP1','8:30-10:00','','8:30-10:00','8:30-10:00L',''),(305,'FUNDAMENTOS DE DISEÑO DIGITAL','3CM5','1107','LD2','','7:00-8:30L','7:00-8:30','','7:00-8:30'),(306,'PARADIGMAS DE PROGRAMACIÓN','3CM5','1107','LP1','10:30-12:00','8:30-10:00','','10:30-12:00L',''),(307,'ANÁLISIS Y DISEÑO DE ALGORITMOS','3CM6','1108','LP3','12:00-13:30L','','12:00-13:30','12:00-13:30',''),(308,'BASES DE DATOS','3CM6','1108','LS4','','12:00-13:30L','13:30-15:00','','12:00-13:30'),(309,'CIRCUITOS ELÉCTRICOS','3CM6','1108','LE1','7:00-8:30L','','','7:00-8:30','8:30-10:00'),(310,'CIRCUITOS ELÉCTRICOS (LAB)','3CM6','1108','LE1','7:00-8:30','','','',''),(311,'ECUACIONES DIFERENCIALES','3CM6','1108','','','7:00-8:30','7:00-8:30','','7:00-8:30'),(312,'FINANZAS EMPRESARIALES','3CM6','1108','LGP2','10:30-12:00','8:30-10:00','','10:30-12:00L',''),(313,'FUNDAMENTOS DE DISEÑO DIGITAL','3CM6','1108','LD2','8:30-10:00L','','8:30-10:00','8:30-10:00',''),(314,'PARADIGMAS DE PROGRAMACIÓN','3CM6','1108','LP2','','10:30-12:00','10:30-12:00L','','10:30-12:00'),(315,'ANÁLISIS Y DISEÑO DE ALGORITMOS','3CV1','1012','LP1','15:00-16:30','','','15:00-16:30L','16:30-18:00'),(316,'BASES DE DATOS','3CV1','1012','LS4','','15:00-16:30L','15:00-16:30','','15:00-16:30'),(317,'CIRCUITOS ELÉCTRICOS','3CV1','1012','LE1','16:30-18:00','','16:30-18:00L','16:30-18:00',''),(318,'ECUACIONES DIFERENCIALES','3CV1','1012','','18:30-20:00','16:30-18:00','','18:30-20:00',''),(319,'FINANZAS EMPRESARIALES','3CV1','1012','LGP1','','18:30-20:00','18:30-20:00','','18:30-20:00L'),(320,'FUNDAMENTOS DE DISEÑO DIGITAL','3CV1','1012','LD2','20:00-21:30L','','20:00-21:30','20:00-21:30',''),(321,'PARADIGMAS DE PROGRAMACIÓN','3CV1','1012','LP3','13:30-15:00','13:30-15:00','','13:30-15:00L',''),(322,'TEORÍA DE COMUNICACIONES Y SEÑALES','3CV11','1012','LS4','18:30-20:00L','16:30-18:00','','18:30-20:00',''),(323,'ANÁLISIS Y DISEÑO DE ALGORITMOS','3CV2','1013','LP3','','15:00-16:30L','15:00-16:30','','15:00-16:30'),(324,'BASES DE DATOS','3CV2','1013','LS1','16:30-18:00L','','16:30-18:00','16:30-18:00',''),(325,'CIRCUITOS ELÉCTRICOS','3CV2','1013','LE1','18:30-20:00L','16:30-18:00','','18:30-20:00',''),(326,'ECUACIONES DIFERENCIALES','3CV2','1013','','','18:30-20:00','18:30-20:00','','18:30-20:00'),(327,'FINANZAS EMPRESARIALES','3CV2','1013','LGP2','13:30-15:00','13:30-15:00','','13:30-15:00L',''),(328,'FUNDAMENTOS DE DISEÑO DIGITAL','3CV2','1013','LD2','20:00-21:30','','20:00-21:30L','20:00-21:30',''),(329,'PARADIGMAS DE PROGRAMACIÓN','3CV2','1013','LP3','15:00-16:30','','','15:00-16:30','16:30-18:00L'),(330,'ANÁLISIS Y DISEÑO DE ALGORITMOS','3CV3','1014','LP3','16:30-18:00L','','16:30-18:00','16:30-18:00',''),(331,'BASES DE DATOS','3CV3','1014','LS2','18:30-20:00','16:30-18:00','','18:30-20:00L',''),(332,'CIRCUITOS ELÉCTRICOS','3CV3','1014','LE2','','18:30-20:00L','18:30-20:00','','18:30-20:00'),(333,'ECUACIONES DIFERENCIALES','3CV3','1014','','20:00-21:30','','20:00-21:30','20:00-21:30',''),(334,'FINANZAS EMPRESARIALES','3CV3','1014','LGP1','15:00-16:30','','','15:00-16:30L','16:30-18:00'),(335,'FUNDAMENTOS DE DISEÑO DIGITAL','3CV3','1014','LD2','13:30-15:00L','13:30-15:00','','13:30-15:00',''),(336,'PARADIGMAS DE PROGRAMACIÓN','3CV3','1014','LP3','','15:00-16:30','15:00-16:30','','15:00-16:30L'),(337,'ANÁLISIS Y DISEÑO DE ALGORITMOS','3CV4','1106','LP3','18:30-20:00L','16:30-18:00','','18:30-20:00',''),(338,'BASES DE DATOS','3CV4','1106','LS1','','18:30-21:30L','18:30-20:00','',''),(339,'CIRCUITOS ELÉCTRICOS','3CV4','1106','LE1','20:00-21:30L','','20:00-21:30','20:00-21:30',''),(340,'ECUACIONES DIFERENCIALES','3CV4','1106','','13:30-15:00','13:30-15:00','','13:30-15:00',''),(341,'FINANZAS EMPRESARIALES','3CV4','1106','LGP1','','15:00-16:30L','15:00-16:30','','15:00-16:30'),(342,'FUNDAMENTOS DE DISEÑO DIGITAL','3CV4','1106','LD2','15:00-16:30L','','','15:00-16:30','16:30-18:00'),(343,'PARADIGMAS DE PROGRAMACIÓN','3CV4','1106','LP3','16:30-18:00','','16:30-18:00L','16:30-18:00',''),(344,'CIRCUITOS ELÉCTRICOS','3CV5','1107','LE1','13:30-15:00L','13:30-15:00','','13:30-15:00',''),(345,'ECUACIONES DIFERENCIALES','3CV5','1107','','15:00-16:30','','','15:00-16:30','16:30-18:00'),(346,'FINANZAS EMPRESARIALES','3CV5','1107','LGP1','16:30-18:00L','','16:30-18:00','16:30-18:00',''),(347,'FUNDAMENTOS DE DISEÑO DIGITAL','3CV5','1107','LD1','','15:00-16:30','15:00-16:30L','','15:00-16:30'),(348,'PARADIGMAS DE PROGRAMACIÓN','3CV5','1107','LP3','18:30-20:00','16:30-18:00','','18:30-20:00L',''),(349,'ANÁLISIS Y DISEÑO DE ALGORITMOS','3CV6','1108','LP3','20:00-21:30L','','20:00-21:30','20:00-21:30',''),(350,'BASES DE DATOS','3CV6','1108','LS3','13:30-15:00','13:30-15:00','','13:30-15:00L',''),(351,'CIRCUITOS ELÉCTRICOS','3CV6','1108','LE1','15:00-16:30','','','15:00-16:30L','16:30-18:00'),(352,'ECUACIONES DIFERENCIALES','3CV6','1108','','','15:00-16:30','15:00-16:30','','15:00-16:30'),(353,'FUNDAMENTOS DE DISEÑO DIGITAL','3CV6','1108','LD2','16:30-18:00L','','16:30-18:00','16:30-18:00',''),(354,'EMBEDDED SYSTEMS','3MCM1','2010','','8:30-10:00','','8:30-10:00','8:30-10:00',''),(355,'ESTADÍSTICA EN COMUNICACIONES','3MCM1','2010','','','12:00-13:30','13:30-15:00','','12:00-13:30'),(356,'GESTIÓN DE PROY PARA COMP MÓVIL','3MCM1','2010','','12:00-13:30','','12:00-13:30','12:00-13:30',''),(357,'INGENIERÍA SOFTWARE PARA CÓMPUTO MÓVIL(MAESTRÍA)','3MCM1','2010','','8:30-10:00','','8:30-10:00','8:30-10:00',''),(358,'PROGRAMACIÓN DE DISPOSITIVOS DE HARDWARE','3MCM1','2010','','12:00-13:30','','12:00-13:30','12:00-13:30',''),(359,'SEMINARIO III','3MCM1','2010','','','10:30-12:00','10:30-12:00','',''),(360,'TÓPICOS SELÉCTOS DE COMUNICACIONES AVANZADAS','3MCM1','2010','','12:00-13:30','','12:00-13:30','12:00-13:30',''),(361,'BASES DE DATOS AVANZADAS','4AM1','3007','LCD1','8:30-10:00','','8:30-10:00','8:30-10:00','12:00-13:30L'),(362,'CÓMPUTO DE ALTO DESEMPEÑO','4AM1','3007','LS2','12:00-13:30L','12:00-13:30L','12:00-13:30','12:00-13:30',''),(363,'DESARROLLO DE APLICACIONES PARA ANÁLISIS DE DATOS','4AM1','3007','LIA1','7:00-8:30','','','7:00-8:30L','8:30-10:00'),(364,'DESARROLLO DE APLICACIONES WEB','4AM1','3007','LS4','','10:30-12:00','10:30-12:00L','','10:30-12:00'),(365,'ESTADÍSTICA','4AM1','3007','LMA','10:30-12:00','8:30-10:00','13:30-15:00','10:30-12:00L',''),(366,'LIDERAZGO PERSONAL','4AM1','3007','','','7:00-8:30L','7:00-8:30','','7:00-8:30'),(367,'BASES DE DATOS AVANZADAS','4AM2','3008','LCD1','12:00-13:30L','12:00-13:30','12:00-13:30','12:00-13:30',''),(368,'CÓMPUTO DE ALTO DESEMPEÑO','4AM2','3008','','','8:30-10:00','','10:30-12:00',''),(369,'CÓMPUTO DE ALTO DESEMPEÑO (LAB)','4AM2','3008','LS2','10:30-12:00L','','13:30-15:00','',''),(370,'DESARROLLO DE APLICACIONES PARA ANÁLISIS DE DATOS','4AM2','3008','LCD1','','10:30-12:00','10:30-12:00','','10:30-12:00L'),(371,'DESARROLLO DE APLICACIONES WEB','4AM2','3008','LS4','','7:00-8:30','7:00-8:30L','','7:00-8:30'),(372,'ESTADÍSTICA','4AM2','3008','LMA','8:30-10:00','13:30-15:00L','8:30-10:00','8:30-10:00',''),(373,'LIDERAZGO PERSONAL','4AM2','3008','LSOC','7:00-8:30','','','7:00-8:30','8:30-10:00L'),(374,'BASES DE DATOS AVANZADAS','4AV1','3007','LCD1','15:00-16:30L','13:30-15:00','','15:00-16:30','16:30-18:00'),(375,'CÓMPUTO DE ALTO DESEMPEÑO','4AV1','3007','LS2','16:30-18:00','','16:30-18:00L','16:30-18:00L','13:30-15:00'),(376,'DESARROLLO DE APLICACIONES PARA ANÁLISIS DE DATOS','4AV1','3007','LCD1','18:30-20:00','16:30-18:00L','','18:30-20:00',''),(377,'DESARROLLO DE APLICACIONES WEB','4AV1','3007','LS4','20:00-21:30L','','20:00-21:30','20:00-21:30',''),(378,'ESTADÍSTICA','4AV1','3007','LMA','13:30-15:00','15:00-16:30','15:00-16:30L','','15:00-16:30'),(379,'LIDERAZGO PERSONAL','4AV1','3007','','','18:30-21:30','18:30-20:00L','',''),(380,'ANÁLISIS Y DISEÑO DE SISTEMAS','4BM1','4007','LS2','8:30-10:00','','8:30-10:00L','8:30-10:00',''),(381,'FUNDAMENTOS DE INTELIGENCIA ARTIFICIAL','4BM1','4007','LIA1','7:00-8:30','','','7:00-8:30','8:30-10:00L'),(382,'MATEMÁTICAS AVANZADAS PARA LA INGENIERÍA','4BM1','4007','','','10:30-12:00','10:30-12:00','','10:30-12:00'),(383,'PROBABILIDAD Y ESTADÍSTICA','4BM1','4007','','','7:00-8:30','7:00-8:30','','7:00-8:30'),(384,'PROCESAMIENTO DIGITAL DE IMÁGENES','4BM1','4007','LIA2','12:00-13:30L','','12:00-13:30','12:00-13:30',''),(385,'TECNOLOGÍAS PARA EL DESARROLLO DE APLICACIONES WEB','4BM1','4007','LS2','10:30-12:00','8:30-10:00L','','10:30-12:00',''),(386,'ANÁLISIS Y DISEÑO DE SISTEMAS','4BM2','4008','LS3','10:30-12:00L','8:30-10:00','','10:30-12:00',''),(387,'FUNDAMENTOS DE INTELIGENCIA ARTIFICIAL','4BM2','4008','LIA1','','7:00-8:30','7:00-8:30','','7:00-8:30L'),(388,'MATEMÁTICAS AVANZADAS PARA LA INGENIERÍA','4BM2','4008','','12:00-13:30','','12:00-13:30','12:00-13:30',''),(389,'PROBABILIDAD Y ESTADÍSTICA','4BM2','4008','','7:00-8:30','','','7:00-8:30','8:30-10:00'),(390,'PROCESAMIENTO DIGITAL DE IMÁGENES','4BM2','4008','LIA1','','10:30-12:00L','10:30-12:00','','10:30-12:00'),(391,'TECNOLOGÍAS PARA EL DESARROLLO DE APLICACIONES WEB','4BM2','4008','LS2','8:30-10:00','','8:30-10:00','8:30-10:00L',''),(392,'ANÁLISIS Y DISEÑO DE SISTEMAS','4BV1','4007','LS2','13:30-15:00','13:30-15:00L','','13:30-15:00',''),(393,'FUNDAMENTOS DE INTELIGENCIA ARTIFICIAL','4BV1','4007','LIA1','15:00-16:30','','','15:00-16:30L','16:30-18:00'),(394,'MATEMÁTICAS AVANZADAS PARA LA INGENIERÍA','4BV1','4007','','','12:00-13:30','13:30-15:00','','13:30-15:00'),(395,'PROBABILIDAD Y ESTADÍSTICA','4BV1','4007','','16:30-18:00','','16:30-18:00','16:30-18:00',''),(396,'PROCESAMIENTO DIGITAL DE IMÁGENES','4BV1','4007','LIA1','','15:00-16:30','15:00-16:30','','15:00-16:30L'),(397,'TECNOLOGÍAS PARA EL DESARROLLO DE APLICACIONES WEB','4BV1','4007','LS2','18:30-20:00','16:30-18:00L','','18:30-20:00',''),(398,'DISEÑO DE SISTEMAS DIGITALES','4CM1','1109','LD2','7:00-8:30','','','7:00-8:30L','8:30-10:00'),(399,'ELECTRÓNICA ANALÓGICA','4CM1','1109','LE1','13:30-15:00','13:30-15:00L','','13:30-15:00',''),(400,'MATEMÁTICAS AVANZADAS PARA LA INGENIERÍA','4CM1','1109','','8:30-10:00','','8:30-10:00','8:30-10:00',''),(401,'PROBABILIDAD Y ESTADÍSTICA','4CM1','1109','','10:30-12:00','8:30-10:00','','10:30-12:00',''),(402,'SISTEMAS OPERATIVOS','4CM1','1109','LS1','','10:30-12:00','10:30-12:00L','','10:30-12:00'),(403,'TECNOLOGÍAS PARA EL DESARROLLO DE APLICACIONES WEB','4CM1','1109','LS2','','12:00-13:30','13:30-15:00L','','12:00-13:30'),(404,'TEORÍA DE LA COMPUTACIÓN','4CM1','1109','LP1','12:00-13:30','','12:00-13:30','12:00-13:30L',''),(405,'ADMINISTRACIÓN DE SERVICIOS EN RED','4CM11','2011','LR','7:00-8:30','','','7:00-8:30L','8:30-10:00'),(406,'DESARROLLO DE SISTEMAS DISTRIBUIDOS','4CM11','2011','LS4','','7:00-8:30','7:00-8:30','','7:00-8:30L'),(407,'GESTIÓN EMPRESARIAL','4CM11','2011','','8:30-10:00','','8:30-10:00','8:30-10:00L',''),(408,'ADMINISTRACIÓN DE SERVICIOS EN RED','4CM13','2011','LR','','7:00-8:30','7:00-8:30L','','7:00-8:30'),(409,'DESARROLLO DE SISTEMAS DISTRIBUIDOS','4CM14','2011','LS3','8:30-10:00L','','8:30-10:00','8:30-10:00',''),(410,'DISEÑO DE SISTEMAS DIGITALES','4CM2','1110','LD2','','7:00-8:30','7:00-8:30L','','7:00-8:30'),(411,'ELECTRÓNICA ANALÓGICA','4CM2','1110','LE1','8:30-10:00','','8:30-10:00','8:30-10:00L',''),(412,'MATEMÁTICAS AVANZADAS PARA LA INGENIERÍA','4CM2','1110','','10:30-12:00','8:30-10:00','','10:30-12:00',''),(413,'PROBABILIDAD Y ESTADÍSTICA','4CM2','1110','','','10:30-12:00','10:30-12:00','','10:30-12:00'),(414,'SISTEMAS OPERATIVOS','4CM2','1110','LS1','12:00-13:30','','12:00-13:30L','12:00-13:30',''),(415,'TECNOLOGÍAS PARA EL DESARROLLO DE APLICACIONES WEB','4CM2','1110','LS2','7:00-8:30','','','7:00-8:30','8:30-10:00L'),(416,'TEORÍA DE LA COMPUTACIÓN','4CM2','1110','LP2','','12:00-13:30','13:30-15:00','','12:00-13:30L'),(417,'DISEÑO DE SISTEMAS DIGITALES','4CM3','1111','LD2','8:30-10:00','','8:30-10:00L','8:30-10:00',''),(418,'ELECTRÓNICA ANALÓGICA','4CM3','1111','LE1','10:30-12:00','8:30-10:00','','10:30-12:00L',''),(419,'MATEMÁTICAS AVANZADAS PARA LA INGENIERÍA','4CM3','1111','','','10:30-12:00','10:30-12:00','','10:30-12:00'),(420,'PROBABILIDAD Y ESTADÍSTICA','4CM3','1111','','12:00-13:30','','12:00-13:30','12:00-13:30',''),(421,'SISTEMAS OPERATIVOS','4CM3','1111','LS1','','12:00-13:30L','13:30-15:00','','12:00-13:30'),(422,'TECNOLOGÍAS PARA EL DESARROLLO DE APLICACIONES WEB','4CM3','1111','LS2','','7:00-8:30L','7:00-8:30','','7:00-8:30'),(423,'TEORÍA DE LA COMPUTACIÓN','4CM3','1111','LP2','7:00-8:30','','','07:00-08:30L','08:30-10:00'),(424,'DISEÑO DE SISTEMAS DIGITALES','4CM4','1112','LD2','10:30-12:00L','8:30-10:00','','10:30-12:00',''),(425,'ELECTRÓNICA ANALÓGICA','4CM4','1112','LE1','','10:30-12:00','10:30-12:00','','10:30-12:00L'),(426,'MATEMÁTICAS AVANZADAS PARA LA INGENIERÍA','4CM4','1112','','12:00-13:30','','12:00-13:30','12:00-13:30',''),(427,'PROBABILIDAD Y ESTADÍSTICA','4CM4','1112','','','12:00-13:30','13:30-15:00','','12:00-13:30'),(428,'SISTEMAS OPERATIVOS','4CM4','1112','LS1','7:00-8:30L','','','7:00-8:30','8:30-10:00'),(429,'TECNOLOGÍAS PARA EL DESARROLLO DE APLICACIONES WEB','4CM4','1112','LS2','8:30-10:00L','','8:30-10:00','8:30-10:00',''),(430,'TEORÍA DE LA COMPUTACIÓN','4CM4','1112','LP2','','7:00-8:30','7:00-8:30','','7:00-8:30L'),(431,'MATEMÁTICAS AVANZADAS PARA LA INGENIERÍA','4CM5','1113','','','12:00-13:30','13:30-15:00','','12:00-13:30'),(432,'DISEÑO DE SISTEMAS DIGITALES','4CV1','1109','LD2','15:00-16:30','','','15:00-16:30L','16:30-18:00'),(433,'ELECTRÓNICA ANALÓGICA','4CV1','1109','LE1','','15:00-16:30L','15:00-16:30','','15:00-16:30'),(434,'MATEMÁTICAS AVANZADAS PARA LA INGENIERÍA','4CV1','1109','','16:30-18:00','','16:30-18:00','16:30-18:00',''),(435,'PROBABILIDAD Y ESTADÍSTICA','4CV1','1109','','18:30-20:00','16:30-18:00','','18:30-20:00',''),(436,'SISTEMAS OPERATIVOS','4CV1','1109','LS1','','18:30-20:00','18:30-20:00L','','18:30-20:00'),(437,'TECNOLOGÍAS PARA EL DESARROLLO DE APLICACIONES WEB','4CV1','1109','LS3','13:30-15:00L','13:30-15:00','','13:30-15:00',''),(438,'TEORÍA DE LA COMPUTACIÓN','4CV1','1109','LP3','20:00-21:30','','20:00-21:30L','20:00-21:30',''),(439,'ADMINISTRACIÓN DE SERVICIOS EN RED','4CV11','1113','LR','13:30-15:00','13:30-15:00','','13:30-15:00L',''),(440,'DESARROLLO DE SISTEMAS DISTRIBUIDOS','4CV11','1113','','15:00-16:30L','','','15:00-16:30','16:30-18:00'),(441,'LIDERAZGO Y DESARROLLO PROFESIONAL','4CV11','1113','','16:30-18:00L','','16:30-18:00','16:30-18:00',''),(442,'DISEÑO DE SISTEMAS DIGITALES','4CV2','1110','LD2','','15:00-16:30','15:00-16:30','','15:00-16:30L'),(443,'ELECTRÓNICA ANALÓGICA','4CV2','1110','LE1','16:30-18:00L','','16:30-18:00','16:30-18:00',''),(444,'MATEMÁTICAS AVANZADAS PARA LA INGENIERÍA','4CV2','1110','','18:30-20:00','16:30-18:00','','18:30-20:00',''),(445,'PROBABILIDAD Y ESTADÍSTICA','4CV2','1110','','','18:30-20:00','18:30-20:00','','18:30-20:00'),(446,'SISTEMAS OPERATIVOS','4CV2','1110','LS1','20:00-21:30','','20:00-21:30L','20:00-21:30',''),(447,'TECNOLOGÍAS PARA EL DESARROLLO DE APLICACIONES WEB','4CV2','1110','LS2','15:00-16:30L','','','15:00-16:30','16:30-18:00'),(448,'TEORÍA DE LA COMPUTACIÓN','4CV2','1110','LP2','13:30-15:00','13:30-15:00L','','13:30-15:00',''),(449,'DISEÑO DE SISTEMAS DIGITALES','4CV3','1111','LD2','16:30-18:00','','16:30-18:00L','16:30-18:00',''),(450,'ELECTRÓNICA ANALÓGICA','4CV3','1111','LE1','15:00-16:30L','','','15:00-16:30','16:30-18:00'),(451,'MATEMÁTICAS AVANZADAS PARA LA INGENIERÍA','4CV3','1111','','','18:30-20:00','18:30-20:00','','18:30-20:00'),(452,'PROBABILIDAD Y ESTADÍSTICA','4CV3','1111','','20:00-21:30','','20:00-21:30','20:00-21:30',''),(453,'SISTEMAS OPERATIVOS','4CV3','1111','LS1','','15:00-16:30','15:00-16:30L','','15:00-16:30'),(454,'TECNOLOGÍAS PARA EL DESARROLLO DE APLICACIONES WEB','4CV3','1111','LS2','13:30-15:00L','13:30-15:00','','13:30-15:00',''),(455,'TEORÍA DE LA COMPUTACIÓN','4CV3','1111','LP2','18:30-20:00','16:30-18:00L','','18:30-20:00',''),(456,'DISEÑO DE SISTEMAS DIGITALES','4CV4','1112','LD2','18:30-20:00L','16:30-18:00','','18:30-20:00',''),(457,'ELECTRÓNICA ANALÓGICA','4CV4','1112','LE1','','18:30-20:00L','18:30-20:00','','18:30-20:00'),(458,'MATEMÁTICAS AVANZADAS PARA LA INGENIERÍA','4CV4','1112','','20:00-21:30','','20:00-21:30','20:00-21:30',''),(459,'PROBABILIDAD Y ESTADÍSTICA','4CV4','1112','','13:30-15:00','13:30-15:00','','13:30-15:00',''),(460,'SISTEMAS OPERATIVOS','4CV4','1112','LS1','15:00-16:30','','','15:00-16:30L','16:30-18:00'),(461,'TECNOLOGÍAS PARA EL DESARROLLO DE APLICACIONES WEB','4CV4','1112','LS2','16:30-18:00L','','16:30-18:00','16:30-18:00',''),(462,'TEORÍA DE LA COMPUTACIÓN','4CV4','1112','LP2','','15:00-16:30','15:00-16:30L','','15:00-16:30'),(463,'SEMINARIO IV','4MCM1','1113','','10:30-12:00','8:30-10:00','','10:30-12:00',''),(464,'ANALÍTICA Y VISUALIZACIÓN DE DATOS','5AM1','3008','LCD1','12:00-13:30','','12:00-13:30','12:00-13:30L',''),(465,'APRENDIZAJE DE MÁQUINA E INTELIGENCIA ARTIFICIAL','5AM1','3008','LIA1','7:00-08:30L','','','7:00-8:30','8:30-10:00'),(466,'MATEMÁTICAS AVANZADAS PARA LA CIENCIA DE DATOS','5AM1','3008','LCD1','10:30-12:00','8:30-10:00L','','10:30-12:00','12:00-13:30'),(467,'METODOLOGÍA DE LA INVESTIGACIÓN Y DIVULGACIÓN CIENTÍFICA','5AM1','3008','','','7:00-8:30','7:00-8:30','','7:00-8:30L'),(468,'MINERÍA DE DATOS','5AM1','3008','LCD1','8:30-10:00','','8:30-10:00L','8:30-10:00',''),(469,'PROCESOS ESTOCÁSTICOS','5AM1','3008','LCD1','','12:00-12:00L','10:30-12:00','','10:30-12:00'),(470,'ANALÍTICA Y VISUALIZACIÓN DE DATOS','5AV1','3009','LCD1','20:00-21:30L','','20:00-21:30','20:00-21:30',''),(471,'APRENDIZAJE DE MÁQUINA E INTELIGENCIA ARTIFICIAL','5AV1','3009','LIA1','16:30-18:00','','16:30-18:00L','16:30-18:00',''),(472,'MATEMÁTICAS AVANZADAS PARA LA CIENCIA DE DATOS','5AV1','3009','LIA1','18:30-20:00L','16:30-18:00','','18:30-20:00','13:30-15:00'),(473,'METODOLOGÍA DE LA INVESTIGACIÓN Y DIVULGACIÓN CIENTÍFICA','5AV1','3009','','','18:30-20:00L','18:30-20:00','','18:30-20:00'),(474,'MINERÍA DE DATOS','5AV1','3009','LCD1','13:30-15:00L','13:30-15:00','','13:30-15:00',''),(475,'PROCESOS ESTOCÁSTICOS','5AV1','3009','LCD1','','15:00-16:30','13:30-16:30L','','15:00-16:30'),(476,'ALGORITMOS BIOINSPIRADOS','5BM1','4008','LIA1','12:00-13:30L','','12:00-13:30','12:00-13:30',''),(477,'APRENDIZAJE DE MÁQUINA','5BM1','4008','LIA2','13:30-15:00','13:30-15:00L','','13:30-15:00',''),(478,'PROCESAMIENTO DE SEÑALES','5BM1','4008','LS1','8:30-10:00','','8:30-10:00','8:30-10:00L',''),(479,'TECNOLOGÍAS DE LENGUAJE NATURAL','5BM1','4008','LIA1','','10:30-12:00','10:30-12:00L','','10:30-12:00'),(480,'TEORÍA DE LA COMPUTACIÓN','5BM1','4008','LIA1','10:30-12:00L','8:30-10:00','','10:30-12:00',''),(481,'VISIÓN ARTIFICIAL','5BM1','4008','LIA1','','12:00-13:30','13:30-15:00L','','12:00-13:30'),(482,'ALGORITMOS BIOINSPIRADOS','5BM2','4009','LIA2','','10:30-12:00L','10:30-12:00','','10:30-12:00'),(483,'APRENDIZAJE DE MÁQUINA','5BM2','4009','LIA1','','7:00-8:30L','7:00-8:30','','7:00-8:30'),(484,'PROCESAMIENTO DE SEÑALES','5BM2','4009','LS2','7:00-8:30','','','7:00-8:30L','8:30-10:00'),(485,'TECNOLOGÍAS DE LENGUAJE NATURAL','5BM2','4009','LIA1','10:30-12:00','8:30-10:00L','','10:30-12:00',''),(486,'TEORÍA DE LA COMPUTACIÓN','5BM2','4009','LIA1','8:30-10:00','','8:30-10:00L','8:30-10:00',''),(487,'VISIÓN ARTIFICIAL','5BM2','4009','LIA1','12:00-13:30','','12:00-13:30','12:00-13:30L',''),(488,'ALGORITMOS BIOINSPIRADOS','5BV1','4008','LIA1','13:30-15:00L','13:30-15:00','','13:30-15:00',''),(489,'APRENDIZAJE DE MÁQUINA','5BV1','4008','LIA1','16:30-18:00L','','16:30-18:00','16:30-18:00',''),(490,'PROCESAMIENTO DE SEÑALES','5BV1','4008','LD2','','15:00-16:30','15:00-16:30L','','15:00-16:30'),(491,'TECNOLOGÍAS DE LENGUAJE NATURAL','5BV1','4008','LIA1','','18:30-20:00','18:30-20:00','','18:30-20:00L'),(492,'TEORÍA DE LA COMPUTACIÓN','5BV1','4008','LP1','18:30-20:00','16:30-18:00L','','18:30-20:00',''),(493,'VISIÓN ARTIFICIAL','5BV1','4008','LP3','15:00-16:30L','','','15:00-16:30','16:30-18:00'),(494,'ANÁLISIS Y DISEÑO DE SISTEMAS','5CM1','1114','LS1','7:00-8:30','','','7:00-8:30L','8:30-10:00'),(495,'ARQUITECTURA DE COMPUTADORAS','5CM1','1114','LD1','','7:00-8:30L','7:00-8:30','','7:00-8:30'),(496,'COMPILADORES','5CM1','1114','LP1','8:30-10:00','','8:30-10:00','8:30-10:00L',''),(497,'FORMULACIÓN Y EVALUACIÓN DE PROYECTOS INFORMÁTICOS','5CM1','1114','LGP1','10:30-12:00','8:30-10:00L','','10:30-12:00',''),(498,'INSTRUMENTACIÓN Y CONTROL','5CM1','1114','LE1','','10:30-12:00','10:30-12:00L','','10:30-12:00'),(499,'PROCESAMIENTO DIGITAL DE SEÑALES','5CM1','1114','LD1','12:00-13:30L','','12:00-13:30','12:00-13:30',''),(500,'REDES DE COMPUTADORAS','5CM1','1114','LR','','12:00-13:30L','13:30-15:00','','12:00-13:30'),(501,'ANÁLISIS Y DISEÑO DE SISTEMAS','5CM2','1201','LS1','','7:00-8:30','7:00-8:30L','','7:00-8:30'),(502,'ARQUITECTURA DE COMPUTADORAS','5CM2','1201','LD1','8:30-10:00L','','8:30-10:00','8:30-10:00',''),(503,'COMPILADORES','5CM2','1201','LP1','10:30-12:00','8:30-10:00L','','10:30-12:00',''),(504,'FORMULACIÓN Y EVALUACIÓN DE PROYECTOS INFORMÁTICOS','5CM2','1201','LGP1','','10:30-12:00','10:30-12:00','','10:30-12:00L'),(505,'INSTRUMENTACIÓN Y CONTROL','5CM2','1201','LE1','12:00-13:30','','12:00-13:30L','12:00-13:30',''),(506,'PROCESAMIENTO DIGITAL DE SEÑALES','5CM2','1201','LD1','','12:00-13:30','13:30-15:00L','','12:00-13:30'),(507,'REDES DE COMPUTADORAS','5CM2','1201','LR','7:00-8:30L','','','7:00-8:30','8:30-10:00'),(508,'ANÁLISIS Y DISEÑO DE SISTEMAS','5CM3','1202','LS1','8:30-10:00','','8:30-10:00L','8:30-10:00',''),(509,'ARQUITECTURA DE COMPUTADORAS','5CM3','1202','LD1','10:30-12:00L','8:30-10:00','','10:30-12:00',''),(510,'COMPILADORES','5CM3','1202','LP1','','10:30-12:00','10:30-12:00','','10:30-12:00L'),(511,'FORMULACIÓN Y EVALUACIÓN DE PROYECTOS INFORMÁTICOS','5CM3','1202','LGP1','12:00-13:30','','12:00-13:30L','12:00-13:30',''),(512,'INSTRUMENTACIÓN Y CONTROL','5CM3','1202','LE1','','12:00-13:30','13:30-15:00L','','12:00-13:30'),(513,'PROCESAMIENTO DIGITAL DE SEÑALES','5CM3','1202','LD1','7:00-8:30L','','','7:00-8:30','8:30-10:00'),(514,'REDES DE COMPUTADORAS','5CM3','1202','LR','','7:00-8:30L','7:00-8:30','','7:00-8:30'),(515,'ANÁLISIS Y DISEÑO DE SISTEMAS','5CM4','1203','LS1','10:30-12:00','8:30-10:00L','','10:30-12:00',''),(516,'ARQUITECTURA DE COMPUTADORAS','5CM4','1203','LD1','','10:30-12:00L','10:30-12:00','','10:30-12:00'),(517,'COMPILADORES','5CM4','1203','LP1','12:00-13:30','','12:00-13:30L','12:00-13:30',''),(518,'FORMULACIÓN Y EVALUACIÓN DE PROYECTOS INFORMÁTICOS','5CM4','1203','LGP1','','12:00-13:30','13:30-15:00L','','12:00-13:30'),(519,'INSTRUMENTACIÓN Y CONTROL','5CM4','1203','LE1','7:00-8:30','','','7:00-8:30L','8:30-10:00'),(520,'PROCESAMIENTO DIGITAL DE SEÑALES','5CM4','1203','LD1','','7:00-8:30','7:00-8:30L','','7:00-8:30'),(521,'REDES DE COMPUTADORAS','5CM4','1203','LR','8:30-10:00L','','8:30-10:00','8:30-10:00',''),(522,'ANÁLISIS Y DISEÑO DE SISTEMAS','5CM5','1204','LS1','','10:30-12:00','10:30-12:00','','10:30-12:00L'),(523,'ARQUITECTURA DE COMPUTADORAS','5CM5','1204','LD1','12:00-13:30','','12:00-13:30L','12:00-13:30',''),(524,'COMPILADORES','5CM5','1204','LP1','','12:00-13:30','13:30-15:00','','12:00-13:30L'),(525,'FORMULACIÓN Y EVALUACIÓN DE PROYECTOS INFORMÁTICOS','5CM5','1204','LGP3','7:00-8:30','','','7:00-8:30L','8:30-10:00L'),(526,'INSTRUMENTACIÓN Y CONTROL','5CM5','1204','LE1','','7:00-8:30L','7:00-8:30','','7:00-8:30'),(527,'PROCESAMIENTO DIGITAL DE SEÑALES','5CM5','1204','LD1','8:30-10:00','','8:30-10:00','8:30-10:00L',''),(528,'REDES DE COMPUTADORAS','5CM5','1204','LR','10:30-12:00L','8:30-10:00','','10:30-12:00',''),(529,'ANÁLISIS Y DISEÑO DE SISTEMAS','5CV1','1114','LS1','15:00-16:30L','','','15:00-16:30','16:30-18:00'),(530,'ARQUITECTURA DE COMPUTADORAS','5CV1','1114','LD1','','15:00-16:30L','15:00-16:30','','15:00-16:30'),(531,'COMPILADORES','5CV1','1114','LP1','16:30-18:00','','16:30-18:00','16:30-18:00L',''),(532,'FORMULACIÓN Y EVALUACIÓN DE PROYECTOS INFORMÁTICOS','5CV1','1114','LS4','18:30-20:00','16:30-18:00L','','18:30-20:00',''),(533,'INSTRUMENTACIÓN Y CONTROL','5CV1','1114','LE1','','18:30-20:00','18:30-20:00L','','18:30-20:00'),(534,'PROCESAMIENTO DIGITAL DE SEÑALES','5CV1','1114','LD1','20:00-21:30L','','20:00-21:30','20:00-21:30',''),(535,'REDES DE COMPUTADORAS','5CV1','1114','LR','13:30-15:00L','13:30-15:00','','13:30-15:00',''),(536,'ANÁLISIS Y DISEÑO DE SISTEMAS','5CV2','1201','LS1','','15:00-16:30L','15:00-16:30','','15:00-16:30'),(537,'ARQUITECTURA DE COMPUTADORAS','5CV2','1201','LD1','16:30-18:00L','','16:30-18:00','16:30-18:00',''),(538,'COMPILADORES','5CV2','1201','LP1','18:30-20:00','16:30-18:00','','18:30-20:00L',''),(539,'FORMULACIÓN Y EVALUACIÓN DE PROYECTOS INFORMÁTICOS','5CV2','1201','LS3','','18:30-20:00','18:30-20:00','','18:30-20:00L'),(540,'INSTRUMENTACIÓN Y CONTROL','5CV2','1201','LE1','20:00-21:30','','20:00-21:30','20:00-21:30L',''),(541,'PROCESAMIENTO DIGITAL DE SEÑALES','5CV2','1201','LD1','13:30-15:00L','13:30-15:00','','13:30-15:00',''),(542,'REDES DE COMPUTADORAS','5CV2','1201','LR','15:00-16:30L','','','15:00-16:30','16:30-18:00'),(543,'ANÁLISIS Y DISEÑO DE SISTEMAS','5CV3','1202','LS1','16:30-18:00','','16:30-18:00L','16:30-18:00',''),(544,'ARQUITECTURA DE COMPUTADORAS','5CV3','1202','LD1','18:30-20:00L','16:30-18:00','','18:30-20:00',''),(545,'COMPILADORES','5CV3','1202','LP2','','18:30-20:00','18:30-20:00L','','18:30-20:00'),(546,'FORMULACIÓN Y EVALUACIÓN DE PROYECTOS INFORMÁTICOS','5CV3','1202','LGP1','20:00-21:30L','','20:00-21:30','20:00-21:30L',''),(547,'INSTRUMENTACIÓN Y CONTROL','5CV3','1202','LE1','13:30-15:00','13:30-15:00','','13:30-15:00L',''),(548,'PROCESAMIENTO DIGITAL DE SEÑALES','5CV3','1202','LD1','15:00-16:30','','','15:00-16:30','16:30-18:00L'),(549,'REDES DE COMPUTADORAS','5CV3','1202','LR','','15:00-16:30L','15:00-16:30','','15:00-16:30'),(550,'ANÁLISIS Y DISEÑO DE SISTEMAS','5CV4','1203','LS1','18:30-20:00','16:30-18:00','','18:30-20:00L',''),(551,'ARQUITECTURA DE COMPUTADORAS','5CV4','1203','LD1','','18:30-20:00L','18:30-20:00','','18:30-20:00'),(552,'COMPILADORES','5CV4','1203','LP1','20:00-21:30','','20:00-21:30','20:00-21:30L',''),(553,'INSTRUMENTACIÓN Y CONTROL','5CV4','1203','LE1','15:00-16:30','','','15:00-16:30','16:30-18:00L'),(554,'PROCESAMIENTO DIGITAL DE SEÑALES','5CV4','1203','','','15:00-16:30','15:00-16:30L','','15:00-16:30'),(555,'REDES DE COMPUTADORAS','5CV4','1203','LR','16:30-18:00L','','16:30-18:00','16:30-18:00',''),(556,'ANÁLISIS Y DISEÑO DE SISTEMAS','5CV5','1204','LS1','','18:30-20:00','18:30-20:00','','18:30-20:00L'),(557,'COMPILADORES','5CV5','1204','LP2','13:30-15:00','13:30-15:00','','13:30-15:00L',''),(558,'FORMULACIÓN Y EVALUACIÓN DE PROYECTOS INFORMÁTICOS','5CV5','1204','LGP2','16:30-18:00','','16:30-18:00L','16:30-18:00L',''),(559,'INSTRUMENTACIÓN Y CONTROL','5CV5','1204','LE1','','15:00-16:30','15:00-16:30L','','15:00-16:30'),(560,'ARQUITECTURA DE COMPUTADORAS','5CV5','1204','LD1','13:30-15:00','13:30-15:00','','13:30-15:00L',''),(561,'ANÁLISIS DE SERIES DE TIEMPO','6AM1','3010','LCD1','7:00-8:30','','','7:00-8:30','8:30-10:00L'),(562,'ANALÍTICA AVANZADA DE DATOS','6AM1','3010','LCD1','','7:00-8:30','7:00-8:30L','','7:00-8:30'),(563,'ESTADÍSTICA AVANZADA','6AM1','3010','LIA2','12:00-13:30','','12:00-13:30','12:00-13:30L',''),(564,'MODELADO PREDICTIVO','6AM1','3010','LCD1','8:30-10:00','','8:30-10:00','8:30-10:00L',''),(565,'PROCESAMIENTO DE LENGUAJE NATURAL','6AM1','3010','LCD1','','10:30-12:00L','10:30-12:00','','10:30-12:00'),(566,'TEMAS SELECTOS DE INTELIGENCIA ARTIFICIAL','6AM1','3010','LP2','10:30-12:00','08:30-10:00L','','10:30-12:00',''),(567,'ANÁLISIS DE SERIES DE TIEMPO','6AV1','3010','LCD1','16:30-18:00','','16:30-18:00','16:30-18:00L',''),(568,'ANALÍTICA AVANZADA DE DATOS','6AV1','3010','LCD1','','15:00-16:30','15:00-16:30L','','15:00-16:30'),(569,'CIBERSEGURIDAD','6AV1','3010','LS4','13:30-15:00L','13:30-15:00','','13:30-15:00',''),(570,'MODELADO PREDICTIVO','6AV1','3010','LCD1','15:00-16:30','','','15:00-16:30L','16:30-18:00'),(571,'PROCESAMIENTO DE LENGUAJE NATURAL','6AV1','3010','LCD1','18:30-20:00','16:30-18:00','','18:30-20:00L',''),(572,'APLICACIONES DE INTELIGENCIA ARTIFICIAL EN SISTEMAS EMBEBIDOS','6BM1','4009','LD2','','10:30-12:00','10:30-12:00','','10:30-12:00L'),(573,'APLICACIONES DE LENGUAJE NATURAL','6BM1','4009','LIA2','','12:00-13:30L','13:30-15:00','','12:00-13:30'),(574,'CÓMPUTO PARALELO','6BM1','4009','LS3','13:30-15:00','13:30-15:00','','13:30-15:00L',''),(575,'INGENIERÍA DE SOFTWARE PARA SISTEMAS INTELIGENTES','6BM1','4009','LS4','7:00-8:30','','','7:00-8:30','8:30-10:00L'),(576,'METODOLOGÍA DE LA INVESTIGACIÓN Y DIVULGACIÓN CIENTÍFICA','6BM1','4009','','10:30-12:00L','8:30-10:00','','10:30-12:00',''),(577,'REDES NEURONALES Y APRENDIZAJE PROFUNDO','6BM1','4009','LIA1','12:00-13:30','','12:00-13:30L','12:00-13:30',''),(578,'CÓMPUTO PARALELO','6BM2','4010','LS3','','10:30-12:00','10:30-12:00','','10:30-12:00L'),(579,'INGENIERÍA DE SOFTWARE PARA SISTEMAS INTELIGENTES','6BM2','4010','LS2','','7:00-8:30','7:00-8:30L','','7:00-8:30'),(580,'METODOLOGÍA DE LA INVESTIGACIÓN Y DIVULGACIÓN CIENTÍFICA','6BM2','4010','','12:00-13:30L','','12:00-13:30','12:00-13:30',''),(581,'METODOLOGÍA DE LA INVESTIGACIÓN Y DIVULGACIÓN CIENTÍFICA (LAB)','6BM2','4010','','12:00-13:30','','','',''),(582,'MINERÍA DE DATOS','6BM2','4010','LIA2','8:30-10:00L','','8:30-10:00','8:30-10:00',''),(583,'REDES NEURONALES Y APRENDIZAJE PROFUNDO','6BM2','4010','LIA2','10:30-12:00L','8:30-10:00','','10:30-12:00',''),(584,'TEMAS SELECTOS DE INTELIGENCIA ARTIFICIAL','6BM2','4010','LIA2','','12:00-13:30','13:30-15:00','','12:00-13:30L'),(585,'CÓMPUTO PARALELO','6BV1','4009','LS3','16:30-18:00L','','16:30-18:00','16:30-18:00',''),(586,'INGENIERÍA DE SOFTWARE PARA SISTEMAS INTELIGENTES','6BV1','4009','LS4','15:00-16:30','','','15:00-16:30L','16:30-18:00'),(587,'METODOLOGÍA DE LA INVESTIGACIÓN Y DIVULGACIÓN CIENTÍFICA','6BV1','4009','','18:30-20:00L','16:30-18:00','','18:30-20:00',''),(588,'REDES NEURONALES Y APRENDIZAJE PROFUNDO','6BV1','4009','LIA1','13:30-15:00','13:30-15:00L','','13:30-15:00',''),(589,'TÉCNICAS DE PROGRAMACIÓN PARA ROBOTS MÓVILES','6BV1','4009','LE2','','18:30-20:00','18:30-20:00','','18:30-20:00L'),(590,'TÓPICOS SELECTOS DE ALGORITMOS BIOINSPIRADOS','6BV1','4009','LP2','','15:00-16:30','15:00-16:30','','15:00-16:30L'),(591,'APLICACIONES PARA COMUNICACIONES EN RED','6CM1','1205','LS3','7:00-8:30','','','7:00-8:30','8:30-10:00L'),(592,'INGENIERÍA DE SOFTWARE','6CM1','1205','LS3','13:30-15:00','13:30-15:00L','','13:30-15:00',''),(593,'INTELIGENCIA ARTIFICIAL','6CM1','1205','LIA2','8:30-10:00','','8:30-10:00L','8:30-10:00',''),(594,'MÉTODOS CUANTITATIVOS PARA LA TOMA DE DESICIONES','6CM1','1205','LGP1','','12:00-13:30','13:30-15:00','','12:00-13:30L'),(595,'NON RELATIONAL DATABASES','6CM1','1205','LS4','','10:30-12:00L','10:30-12:00','','10:30-12:00'),(596,'SISTEMAS EN CHIP','6CM1','1205','LD1','10:30-12:00','','','10:30-12:00','13:30-15;00L'),(597,'SOFTWARE QUALITY ASSURANCE AND DESING PATTERNS','6CM1','1205','LGP2','12:00-13:30L','','12:00-13:30','12:00-13:30',''),(598,'APLICACIONES PARA COMUNICACIONES EN RED','6CM2','1206','LS3','','7:00-8:30','7:00-8:30','','7:00-8:30L'),(599,'INGENIERÍA DE SOFTWARE','6CM2','1206','LS1','10:30-12:00','8:30-10:00','','10:30-12:00L',''),(600,'INTRODUCTION TO CRYPTOGRAPHY','6CM2','1206','LP1','12:00-13:30L','','12:00-13:30','12:00-13:30',''),(601,'MACHINE LEARNING','6CM2','1206','LIA1','','12:00-13:30L','13:30-15:00','','12:00-13:30'),(602,'MÉTODOS CUANTITATIVOS PARA LA TOMA DE DESICIONES','6CM2','1206','LGP2','','10:30-12:00L','10:30-12:00','','10:30-12:00'),(603,'SISTEMAS EN CHIP','6CM2','1206','LD1','7:00-8:30','','','7:00-8:30L','8:30-10:00'),(604,'APLICACIONES PARA COMUNICACIONES EN RED','6CM3','1207','LR','8:30-10:00','','8:30-10:00','8:30-10:00L',''),(605,'EMBEDDED SYSTEMS','6CM3','1207','LS4','7:00-8:30L','','','7:00-8:30','8:30-10:00'),(606,'INGENIERÍA DE SOFTWARE','6CM3','1207','LS2','','10:30-12:00L','10:30-12:00','','10:30-12:00'),(607,'INTELIGENCIA ARTIFICIAL','6CM3','1207','LIA1','10:30-12:00','8:30-10:00','','10:30-12:00L',''),(608,'MÉTODOS CUANTITATIVOS PARA LA TOMA DE DESICIONES','6CM3','1207','LGP2','12:00-13:30','','12:00-13:30L','12:00-13:30',''),(609,'SISTEMAS EN CHIP','6CM3','1207','LD1','','7:00-8:30','7:00-8:30','','7:00-8:30L'),(610,'APLICACIONES PARA COMUNICACIONES EN RED','6CM4','1208','LR','10:30-12:00','8:30-10:00','','10:30-12:00L',''),(611,'HIGH TECHNOLOGY ENTERPRISE MANAGEMENT','6CM4','1208','LS4','','12:00-13:30','13:30-15:00','','12:00-13:30L'),(612,'INGENIERÍA DE SOFTWARE','6CM4','1208','LS1','12:00-13:30','','12:00-13:30','12:00-13:30L',''),(613,'INTELIGENCIA ARTIFICIAL','6CM4','1208','LIA1','','10:30-12:00','10:30-12:00','','10:30-12:00L'),(614,'SISTEMAS EN CHIP','6CM4','1208','LD1','8:30-10:00','','8:30-10:00L','8:30-10:00',''),(615,'APLICACIONES PARA COMUNICACIONES EN RED','6CM5','1209','LR','13:30-15:00','13:30-15:00L','','13:30-15:00',''),(616,'INGENIERÍA DE SOFTWARE','6CM5','1209','LS4','12:00-13:30L','','12:00-13:30','12:00-13:30',''),(617,'INTELIGENCIA ARTIFICIAL','6CM5','1209','LIA1','','12:00-13:30','13:30-15:00','','12:00-13:30L'),(618,'INTRODUCTION TO CRYPTOGRAPHY','6CM5','1209','LIA2','10:30-12:00','8:30-10:00L','','10:30-12:00',''),(619,'MÉTODOS CUANTITATIVOS PARA LA TOMA DE DESICIONES','6CM5','1209','LGP2','','15:00-16:30','15:00-16:30L','','15:00-16:30'),(620,'APLICACIONES PARA COMUNICACIONES EN RED','6CV1','1205','LR','15:00-16:30','','','15:00-16:30','16:30-18:00L'),(621,'COMPUTER SECURITY','6CV1','1205','LS2','','12:00-13:30','13:30-15:00','','12:00-13:30L'),(622,'INGENIERÍA DE SOFTWARE','6CV1','1205','LS3','16:30-18:00','','16:30-18:00','16:30-18:00L',''),(623,'INTELIGENCIA ARTIFICIAL','6CV1','1205','LIA1','','15:00-16:30','15:00-16:30L','','15:00-16:30'),(624,'MÉTODOS CUANTITATIVOS PARA LA TOMA DE DESICIONES','6CV1','1205','LGP2','18:30-20:00L','16:30-18:00','','18:30-20:00',''),(625,'SISTEMAS EN CHIP','6CV1','1205','LD1','13:30-15:00','13:30-15:00L','','13:30-15:00',''),(626,'APLICACIONES PARA COMUNICACIONES EN RED','6CV2','1206','LR','','15:00-16:30','15:00-16:30','','15:00-16:30L'),(627,'GENETIC ALGORITHMS','6CV2','1206','LP1','13:30-15:00','13:30-15:00L','','13:30-15:00',''),(628,'INGENIERÍA DE SOFTWARE','6CV2','1206','LS3','18:30-20:00L','16:30-18:00','','18:30-20:00',''),(629,'INTELIGENCIA ARTIFICIAL','6CV2','1206','LIA1','16:30-18:00','','16:30-18:00','16:30-18:00L',''),(630,'MACHINE LEARNING','6CV2','1206','LIA1','20:00-21:30L','','20:00-21:30','20:00-21:30',''),(631,'MÉTODOS CUANTITATIVOS PARA LA TOMA DE DESICIONES','6CV2','1206','LGP1','','18:30-20:00','18:30-20:00','','13:30-15:00L'),(632,'SISTEMAS EN CHIP','6CV2','1206','LD1','15:00-16:30','','','15:00-16:30L','16:30-18:00'),(633,'APLICACIONES PARA COMUNICACIONES EN RED','6CV3','1207','','16:30-18:00','','16:30-18:00L','16:30-18:00',''),(634,'INGENIERÍA DE SOFTWARE','6CV3','1207','LS3','','18:30-20:00L','18:30-20:00','','18:30-20:00'),(635,'INTELIGENCIA ARTIFICIAL','6CV3','1207','LIA1','18:30-20:00','16:30-18:00','','18:30-20:00L',''),(636,'MÉTODOS CUANTITATIVOS PARA LA TOMA DE DESICIONES','6CV3','1207','LGP1','','15:00-16:30','15:00-16:30L','','15:00-16:30'),(637,'SISTEMAS EN CHIP','6CV3','1207','LD1','20:00-21:30','','20:00-21:30L','20:00-21:30',''),(638,'STATISTICAL TOOLS FOR DATA ANALYTICS','6CV3','1207','','13:30-15:00','13:30-15:00L','','13:30-15:00',''),(639,'APLICACIONES PARA COMUNICACIONES EN RED','6CV4','1208','','18:30-20:00L','16:30-18:00','','18:30-20:00',''),(640,'COMPUTER GRAPHICS','6CV4','1208','LP1','','15:00-16:30','15:00-16:30','','15:00-16:30L'),(641,'INGENIERÍA DE SOFTWARE','6CV4','1208','LS3','20:00-21:30L','','20:00-21:30','20:00-21:30',''),(642,'INTELIGENCIA ARTIFICIAL','6CV4','1208','LIA1','','18:30-20:00','18:30-20:00L','','18:30-20:00'),(643,'MÉTODOS CUANTITATIVOS PARA LA TOMA DE DESICIONES','6CV4','1208','LGP1','13:30-15:00L','13:30-15:00','','13:30-15:00',''),(644,'SISTEMAS EN CHIP','6CV4','1208','LD1','16:30-18:00','','16:30-18:00L','16:30-18:00',''),(645,'ADMINISTRACIÓN DE PROYECTOS DE TI','7AM1','3011','LS2','12:00-13:30','12:00-13:30','12:00-13:30L','12:00-13:30',''),(646,'BIG DATA','7AM1','3011','LCD1','10:30-12:00L','8:30-10:00','','10:30-12:00',''),(647,'INNOVACIÓN Y EMPRENDIMIENTO TECNOLÓGICO','7AM1','3011','','','10:30-12:00','10:30-12:00','','10:30-12:00L'),(648,'MODELOS ECONOMÉTRICOS','7AM1','3011','','13:30-15:00','13:30-15:00','','',''),(649,'MODELOS ECONOMÉTRICOS (LAB)','7AM1','3011','LCD1','','','','13:30-15:00L',''),(650,'PROPIEDAD INTELECTUAL LCD','7AM1','3011','','8:30-10:00','','8:30-10:00','8:30-10:00L',''),(651,'FORMULACIÓN Y EVALUACIÓN DE PROYECTOS INFORMÁTICOS','7BM1','4010','LGP2','10:30-12:00','8:30-10:00L','','10:30-12:00',''),(652,'INTERACCIÓN HUMANO MÁQUINA','7BM1','4010','LIA2','','7:00-8:30L','7:00-8:30','','7:00-8:30'),(653,'PROPIEDAD INTELECTUAL','7BM1','4010','','','12:00-13:30','13:30-15:00','','8:30-10:30L'),(654,'RECONOCIMIENTO DE VOZ','7BM1','4010','LP2','','10:30-12:00','10:30-12:00','','10:30-12:00L'),(655,'BIG DATA','7BV1','4010','LIA1','15:00-16:30','','','15:00-16:30','16:30-18:00L'),(656,'FORMULACIÓN Y EVALUACIÓN DE PROYECTOS INFORMÁTICOS','7BV1','4010','LGP2','16:30-18:00L','','16:30-18:00','16:30-18:00',''),(657,'RECONOCIMIENTO DE VOZ','7BV1','4010','LIA1','','15:00-16:30L','15:00-16:30','','15:00-16:30'),(658,'FORMULACIÓN Y EVALUACIÓN DE PROYECTOS INFORMÁTICOS','7BV2','4011','','13:30-15:00','13:30-15:00','','',''),(659,'FORMULACIÓN Y EVALUACIÓN DE PROYECTOS INFORMÁTICOS (LAB)','7BV2','4011','','','','','13:30-15:00L',''),(660,'FORMULACIÓN Y EVALUACIÓN DE PROYECTOS INFORMÁTICOS (LAB)','7BV2','4011','','','','','13:30-15:00',''),(661,'ADMINISTRACIÓN DE SERVICIOS EN RED','7CM1','1209','LR','7:00-8:30','','','7:00-8:30','8:30-10:00L'),(662,'DESARROLLO DE APLICACIONES MÓVILES NATIVAS','7CM1','1209','LS3','','7:00-8:30L','7:00-8:30','','7:00-8:30'),(663,'NATURAL LANGUAGE PROCESSING','7CM1','1209','LIA2','12:00-13:30','','12:00-13:30L','12:00-13:30',''),(664,'SELECTED TOPICS IN CRYPTOGRAPHY','7CM1','1209','LIA2','','10:30-12:00','10:30-12:00L','','10:30-12:00'),(665,'SISTEMAS DISTRIBUIDOS','7CM1','1209','LS3','8:30-10:00','','8:30-10:00L','8:30-10:00',''),(666,'ADMINISTRACIÓN DE SERVICIOS EN RED','7CM2','1210','LR','','7:00-8:30','7:00-8:30','','7:00-8:30L'),(667,'DESARROLLO DE APLICACIONES MÓVILES NATIVAS','7CM2','1210','LS3','8:30-10:00','','8:30-10:00','8:30-10:00L',''),(668,'IMAGE ANALYSIS','7CM2','1210','LIA2','','12:00-13:30','13:30-15:00L','','12:00-13:30'),(669,'SISTEMAS DISTRIBUIDOS','7CM2','1210','LS4','10:30-12:00','8:30-10:00L','','10:30-12:00',''),(670,'VIRTUAL INSTRUMENTATION','7CM2','1210','LE1','12:00-13:30','','12:00-13:30','12:00-13:30L',''),(671,'ADMINISTRACIÓN DE SERVICIOS EN RED','7CM3','1211','LR','8:30-10:00','','8:30-10:00L','8:30-10:00',''),(672,'BIOINFORMATICS','7CM3','1211','LP3','','12:00-13:30L','13:30-15:00','','12:00-13:30'),(673,'DESARROLLO DE APLICACIONES MÓVILES NATIVAS','7CM3','1211','LS3','10:30-12:00','8:30-10:00','','10:30-12:00L',''),(674,'SISTEMAS DISTRIBUIDOS','7CM3','1211','LS3','','10:30-12:00L','10:30-12:00','','10:30-12:00'),(675,'WEB CLIENT AND BACKEND DEVELOPMEN FRAMEWORKS','7CM3','1211','LS2','12:00-13:30','','12:00-13:30','12:00-13:30L',''),(676,'ADMINISTRACIÓN DE SERVICIOS EN RED','7CM4','1212','LS4','8:30-10:00','','8:30-10:00L','8:30-10:00',''),(677,'DESARROLLO DE APLICACIONES MÓVILES NATIVAS','7CM4','1212','LS3','','10:30-12:00','10:30-12:00L','','10:30-12:00'),(678,'SISTEMAS DISTRIBUIDOS','7CM4','1212','LS3','12:00-13:30L','','12:00-13:30','12:00-13:30',''),(679,'ADMINISTRACIÓN DE SERVICIOS EN RED','7CV1','1209','LR','15:00-16:30','','','15:00-16:30L','16:30-18:00'),(680,'BIG DATA','7CV1','1209','LP2','13:30-15:00L','13:30-15:00','','13:30-15:00',''),(681,'DATA MINING','7CV1','1209','LP3','18:30-20:00','16:30-18:00L','','18:30-20:00',''),(682,'DESARROLLO DE APLICACIONES MÓVILES NATIVAS','7CV1','1209','LS3','','15:00-16:30L','15:00-16:30','','15:00-16:30'),(683,'SISTEMAS DISTRIBUIDOS','7CV1','1209','LS4','16:30-18:00L','','16:30-18:00','16:30-18:00',''),(684,'ADMINISTRACIÓN DE SERVICIOS EN RED','7CV2','1210','LR','','15:00-16:30','15:00-16:30L','','15:00-16:30'),(685,'DESARROLLO DE APLICACIONES MÓVILES NATIVAS','7CV2','1210','LS4','16:30-18:00','','16:30-18:00L','16:30-18:00',''),(686,'IT GOVERNANCE','7CV2','1210','LS2','15:00-16:30','','','15:00-16:30L','16:30-18:00'),(687,'SISTEMAS DISTRIBUIDOS','7CV2','1210','LS3','18:30-20:00','16:30-18:00','','18:30-20:00L',''),(688,'VIRTUAL AND AUGMENTED REALITY','7CV2','1210','LP1','20:00-21:30L','','20:00-21:30','20:00-21:30',''),(689,'ADMINISTRACIÓN DE SERVICIOS EN RED','7CV3','1211','LR','20:00-21:30L','','20:00-21:30','20:00-21:30',''),(690,'DESARROLLO DE APLICACIONES MÓVILES NATIVAS','7CV3','1211','LS3','18:30-20:00','16:30-18:00L','','18:30-20:00',''),(691,'SISTEMAS DISTRIBUIDOS','7CV3','1211','LS3','','18:30-20:00','18:30-20:00L','','18:30-20:00'),(692,'APLICACIONES CON MICROCONTROLADORES PARA EL AUTOMÓVIL (ISISA)','7SV1','2001','','18:30-20:00','16:30-18:00','','','15:00-16:30'),(693,'APLICACIONES CON MICROCONTROLADORES PARA EL AUTOMÓVIL (ISISA) (LAB)','7SV1','2001','LS4','','','','18:30-20:00L',''),(694,'ARQUITECTURAS EMBEBIDAS AUTOMOTRICES (ISISA)','7SV1','2001','','','15:00-16:30','13:30-15:00','15:00-16:30',''),(695,'ARQUITECTURAS EMBEBIDAS AUTOMOTRICES (ISISA) (LAB)','7SV1','2001','LS3','','','15:00-16:30L','',''),(696,'HUMANIDADES IV (ISISA)','7SV1','2001','','16:30-18:00','','','16:30-18:00',''),(697,'INGENIERÍA AMBIENTAL AUTOMOTRÍZ  (ISISA)','7SV1','2001','','15:00-16:30','','','','13:30-15:00'),(698,'SISTEMAS DIGITALES (ISISA)','7SV1','2001','LD2','13:30-15:00','13:30-15:00L','','13:30-15:00L',''),(699,'TÓPICOS SELECTOS I (ISISA)','7SV1','2001','LS4','','18:30-20:00','16:30-18:00','','18:30-20:00L'),(700,'DESARROLLO DE HABILIDADES SOCIALES PARA LA ALTA DIRECCIÓN','8AM1','3012','','12:00-13:30','','12:00-13:30L','12:00-13:30L',''),(701,'GESTIÓN EMPRESARIAL','8AM1','3012','','8:30-10:00','10:30-12:00','10:30-12:00','8:30-10:00L',''),(702,'DESARROLLO DE HABILIDADES SOCIALES PARA LA ALTA DIRECCIÓN','8BM1','4012','','12:00-13:30L','','','12:00-13:30L',''),(703,'GESTIÓN EMPRESARIAL','8BM1','4012','LGP2','10:30-12:00L','8:30-10:00','','10:30-12:00',''),(704,'DESARROLLO DE HABILIDADES SOCIALES PARA LA ALTA DIRECCIÓN','8BV1','4012','','18:30-20:00L','','','18:30-20:00L',''),(705,'GESTIÓN EMPRESARIAL','8BV1','4012','LGP1','','18:30-20:00','18:30-20:00L','','18:30-20:00'),(706,'DESARROLLO DE HABILIDADES SOCIALES PARA LA ALTA DIRECCIÓN','8CM1','1212','','12:00-13:30L','','12:00-13:30L','',''),(707,'GESTIÓN EMPRESARIAL','8CM1','1212','LGP1','','7:00-8:30','7:00-8:30','','7:00-8:30L'),(708,'LIDERAZGO PERSONAL','8CM1','1212','','8:30-10:00L','','8:30-10:00','8:30-10:00',''),(709,'DESARROLLO DE HABILIDADES SOCIALES PARA LA ALTA DIRECCIÓN','8CM2','1213','','','12:00-13:30L','','','12:00-13:30L'),(710,'GESTIÓN EMPRESARIAL','8CM2','1213','LGP1','8:30-10:00L','','8:30-10:00','8:30-10:00',''),(711,'LIDERAZGO PERSONAL','8CM2','1213','','10:30-12:00L','8:30-10:00','','10:30-12:00',''),(712,'DESARROLLO DE HABILIDADES SOCIALES PARA LA ALTA DIRECCIÓN','8CM3','1214','','12:00-13:30L','','','12:00-13:30L',''),(713,'GESTIÓN EMPRESARIAL','8CM3','1214','LGP1','10:30-12:00','8:30-10:00','','10:30-12:00L',''),(714,'LIDERAZGO PERSONAL','8CM3','1214','','','10:30-12:00L','10:30-12:00','','10:30-12:00'),(715,'DESARROLLO DE HABILIDADES SOCIALES PARA LA ALTA DIRECCIÓN','8CV1','1212','','','16:30-18:00L','','18:30-20:00L',''),(716,'GESTIÓN EMPRESARIAL','8CV1','1212','LGP1','','15:00-16:30','15:00-16:30','','15:00-16:30L'),(717,'LIDERAZGO PERSONAL','8CV1','1212','','16:30-18:00L','','16:30-18:00','16:30-18:00',''),(718,'DESARROLLO DE HABILIDADES SOCIALES PARA LA ALTA DIRECCIÓN','8CV2','1213','','','','15:00-16:30L','','15:00-16:30L'),(719,'GESTIÓN EMPRESARIAL','8CV2','1213','','16:30-18:00','','16:30-18:00','16:30-18:00L',''),(720,'LIDERAZGO PERSONAL','8CV2','1213','','13:30-15:00L','13:30-15:00','','13:30-15:00',''),(721,'DESARROLLO DE HABILIDADES SOCIALES PARA LA ALTA DIRECCIÓN','8CV3','1214','','18:30-20:00L','','','18:30-20:00L',''),(722,'GESTIÓN EMPRESARIAL','8CV3','1214','','','18:30-20:00','18:30-20:00','','18:30-20:00L'),(723,'LIDERAZGO PERSONAL','8CV3','1214','','16:30-18:00','','16:30-18:00L','16:30-18:00','');
/*!40000 ALTER TABLE `materias` ENABLE KEYS */;
UNLOCK TABLES;

--
-- Table structure for table `profesores`
--

DROP TABLE IF EXISTS `profesores`;
/*!40101 SET @saved_cs_client     = @@character_set_client */;
/*!50503 SET character_set_client = utf8mb4 */;
CREATE TABLE `profesores` (
  `idProfesores` int NOT NULL,
  `nombre` text,
  `apellidoPrimero` text,
  `apellidoSegundo` text,
  `cargo` text,
  `departamento` varchar(10) DEFAULT NULL,
  `telefono` varchar(13) DEFAULT NULL,
  `correo` text,
  `curp` text,
  PRIMARY KEY (`idProfesores`),
  KEY `fk_profesores_academias1_idx` (`departamento`),
  CONSTRAINT `fk_profesores_academias1` FOREIGN KEY (`departamento`) REFERENCES `academias` (`departamento`)
) ENGINE=InnoDB DEFAULT CHARSET=utf8mb4 COLLATE=utf8mb4_0900_ai_ci;
/*!40101 SET character_set_client = @saved_cs_client */;

--
-- Dumping data for table `profesores`
--

LOCK TABLES `profesores` WRITE;
/*!40000 ALTER TABLE `profesores` DISABLE KEYS */;
INSERT INTO `profesores` VALUES (0,'SIN ASIGNAR  ','','','','ACB','','',''),(2013,'Fredericka','Daniel','Barlow','Jefe de academia','ACB','5520002013','j2013@j.com','NNH648169LFXSMBTB'),(2014,'Roth','Weeks','Henderson','Jefe de academia','ACC','5520002014','j2013@j.com','DGZ573367EIETJCHK'),(2015,'Steel','Vargas','Dillon','Jefe de academia','ACS','5520002015','j2015@j.com','JTO380628SVTVAQKJ'),(2016,'Celeste','Wilkinson','Cotton','Jefe de academia','AFSE','5520002016','j2016@j.com','SHX824210GNJSGXWY'),(2017,'Neville','Fowler','Blackwell','Jefe de academia','AIS','5520002017','j2013@j.com','YMP249172MRORWMWT'),(2018,'Upton','Prince','Phelps','Jefe de academia','APETD','5520002018','j2013@j.com','PQD313688KIHKVHFB'),(2019,'Allegra','Matthews','Atkinson','Jefe de academia','ASDIG','5520002019','j2013@j.com','CJR625816GYWIKYXT'),(2020,'Hakeem','Bradshaw','Leonard','Jefe de academia','ASDIS','5520002020','j2013@j.com','SEJ587364QPOMISDH'),(2021,'Roary','Tyson','Jacobs','Jefe de academia','ACD','5520002021','j2013@j.com','SAE778347CPYQVEEY'),(2022,'Vaughan','Stevenson','Boone','Jefe de academia','AIA','5520002022','j2013@j.com','UJI322843BRLSXPUJ'),(2567,'Didier     ','Ojeda','Guillén','docente','ACB','5520000001','b1@b.com','PBCD123456EFGHIJ01'),(2568,'Maria Soledad    ','Centeno','Arrazola','docente','ACC','5520000002','b2@b.com','PBCD123456EFGHIJ02'),(2569,'Miguel Santiago    ','Suárez','Castañón','docente','ACS','5520000003','b3@b.com','PBCD123456EFGHIJ03'),(2570,'Macario     ','Hernández','Cruz','docente','AFSE','5520000004','b4@b.com','PBCD123456EFGHIJ04'),(2571,'Martha Patricia    ','Jiménez','Villanueva','docente','AIS','5520000005','b5@b.com','PBCD123456EFGHIJ05'),(2572,'Perla Rebeca    ','Sánchez','Vargas','docente','APETD','5520000006','b6@b.com','PBCD123456EFGHIJ06'),(2573,'Maribel     ','Aragón','García','docente','ASDIG','5520000007','b7@b.com','PBCD123456EFGHIJ07'),(2574,'Roberto    ','De Luna','','docente','ASDIS','5520000008','b8@b.com','PBCD123456EFGHIJ08'),(2575,'Iván Giovanny    ','Mosso','García','docente','ACD','5520000009','b9@b.com','PBCD123456EFGHIJ09'),(2576,'Samuel     ','Domínguez','Hernández','docente','AIA','5520000010','b0@b.com','PBCD123456EFGHIJ10'),(2577,'Alejandro     ','Zárate','Cárdenas','docente','ACB','5520000011','b1@b.com','PBCD123456EFGHIJ11'),(2578,'Mariana     ','Gómez','Tress','docente','ACC','5520000012','b2@b.com','PBCD123456EFGHIJ12'),(2579,'Úrsula Samantha','Morales','Rodríguez','docente','ACS','5520000013','b3@b.com','PBCD123456EFGHIJ13'),(2580,'Tania     ','Rodríguez','Sarabia','docente','AFSE','5520000014','b4@b.com','PBCD123456EFGHIJ14'),(2581,'José Manuel    ','López','Sánchez','docente','AIS','5520000015','b5@b.com','PBCD123456EFGHIJ15'),(2582,'Misael     ','Solorza','Guzmán','docente','APETD','5520000016','b6@b.com','PBCD123456EFGHIJ16'),(2583,'Claudia Wendy    ','Serrano','Romero','docente','ASDIG','5520000017','b7@b.com','PBCD123456EFGHIJ17'),(2584,'Carlos Alexis    ','Rangel','Nahum','docente','ASDIS','5520000018','b8@b.com','PBCD123456EFGHIJ18'),(2585,'Perla Rebeca    ','Sánchez','Vargas','docente','ACD','5520000019','b9@b.com','PBCD123456EFGHIJ19'),(2586,'Felipe de Jesús     ','Figueroa','Del Prado','docente','AIA','5520000020','b0@b.com','PBCD123456EFGHIJ20'),(2587,'Odette Berenice    ','Cancino','Mosqueda','docente','ACB','5520000021','b1@b.com','PBCD123456EFGHIJ21'),(2588,'Yesica Sonia    ','Flores','Meraz','docente','ACC','5520000022','b2@b.com','PBCD123456EFGHIJ22'),(2589,'Laura     ','Muñoz','Salazar','docente','ACS','5520000023','b3@b.com','PBCD123456EFGHIJ23'),(2590,'Didier     ','Ojeda','Guillén','docente','AFSE','5520000024','b4@b.com','PBCD123456EFGHIJ24'),(2591,'Sergio     ','Levario','Medina','docente','AIS','5520000025','b5@b.com','PBCD123456EFGHIJ25'),(2592,'Martha Margarita    ','Dorantes','Cordero','docente','APETD','5520000026','b6@b.com','PBCD123456EFGHIJ26'),(2593,'Gloría Lourdes    ','Cabrera','Chávez','docente','ASDIG','5520000027','b7@b.com','PBCD123456EFGHIJ27'),(2594,'María Magdalena    ','Saldívar','Almorejo','docente','ASDIS','5520000028','b8@b.com','PBCD123456EFGHIJ28'),(2595,'Tonáhtiu Arturo    ','Ramírez','Romero','docente','ACD','5520000029','b9@b.com','PBCD123456EFGHIJ29'),(2596,'Ángel Salvador    ','Montiel','Sánchez','docente','AIA','5520000030','b0@b.com','PBCD123456EFGHIJ30'),(2597,'Zelin     ','Miguel','Pilar','docente','ACB','5520000031','b1@b.com','PBCD123456EFGHIJ31'),(2598,'Karina     ','Viveros','Vela','docente','ACC','5520000032','b2@b.com','PBCD123456EFGHIJ32'),(2599,'Adriana Berenice    ','Celis','Domínguez','docente','ACS','5520000033','b3@b.com','PBCD123456EFGHIJ33'),(2600,'Myriam Noemí    ','Paredes','Cadena','docente','AFSE','5520000034','b4@b.com','PBCD123456EFGHIJ34'),(2601,'Leonor     ','Vázquez','González','docente','AIS','5520000035','b5@b.com','PBCD123456EFGHIJ35'),(2602,'Florencio     ','Guzmán','Aguilar','docente','APETD','5520000036','b6@b.com','PBCD123456EFGHIJ36'),(2603,'Ma. Socorro    ','Téllez','Reyes','docente','ASDIG','5520000037','b7@b.com','PBCD123456EFGHIJ37'),(2604,'Claudia Jisela    ','Dorantes','Villa','docente','ASDIS','5520000038','b8@b.com','PBCD123456EFGHIJ38'),(2605,'Miguel Ángel    ','González','Trujillo','docente','ACD','5520000039','b9@b.com','PBCD123456EFGHIJ39'),(2606,'Encarnación     ','Salinas','Hernández','docente','AIA','5520000040','b0@b.com','PBCD123456EFGHIJ40'),(2607,'Edgardo Adrián    ','Franco','Martínez','docente','ACB','5520000041','b1@b.com','PBCD123456EFGHIJ41'),(2608,'Lezly Fabiola    ','Peña','Leal','docente','ACC','5520000042','b2@b.com','PBCD123456EFGHIJ42'),(2609,'Alberto Jesús    ','Alcántara','Méndez','docente','ACS','5520000043','b3@b.com','PBCD123456EFGHIJ43'),(2610,'María Susana    ','Sánchez','Palacios','docente','AFSE','5520000044','b4@b.com','PBCD123456EFGHIJ44'),(2611,'Naria Adriana    ','Flores','Fuentes','docente','AIS','5520000045','b5@b.com','PBCD123456EFGHIJ45'),(2612,'Daniel Isaac    ','Damián','Almazar','docente','APETD','5520000046','b6@b.com','PBCD123456EFGHIJ46'),(2613,'Rocío     ','Reséndiz','Muñoz','docente','ASDIG','5520000047','b7@b.com','PBCD123456EFGHIJ47'),(2614,'David     ','Correa','Coyac','docente','ASDIS','5520000048','b8@b.com','PBCD123456EFGHIJ48'),(2615,'César     ','Hernández','Vásquez','docente','ACD','5520000049','b9@b.com','PBCD123456EFGHIJ49'),(2616,'Adriana de la Paz     ','Sánchez','Moreno','docente','AIA','5520000050','b0@b.com','PBCD123456EFGHIJ50'),(2617,'Perla Cecilia    ','Lucio','Peña','docente','ACB','5520000051','b1@b.com','PBCD123456EFGHIJ51'),(2618,'Roberto     ','Tecla','Parra','docente','ACC','5520000052','b2@b.com','PBCD123456EFGHIJ52'),(2619,'Ana María    ','Winfield','Reyes','docente','ACS','5520000053','b3@b.com','PBCD123456EFGHIJ53'),(2620,'Andrés     ','Cortés','Dávalos','docente','AFSE','5520000054','b4@b.com','PBCD123456EFGHIJ54'),(2621,'Israel     ','Buitrón','Damaso','docente','AIS','5520000055','b5@b.com','PBCD123456EFGHIJ55'),(2622,'Luis Tadeo    ','Sanchez','Lopez','docente','APETD','5520000056','b6@b.com','PBCD123456EFGHIJ56'),(2623,'Laura     ','Lazcano','Xoxotla','docente','ASDIG','5520000057','b7@b.com','PBCD123456EFGHIJ57'),(2624,'Saúl     ','De La O','Torres','docente','ASDIS','5520000058','b8@b.com','PBCD123456EFGHIJ58'),(2625,'Darwin     ','Gutiérrez','Mejía','docente','ACD','5520000059','b9@b.com','PBCD123456EFGHIJ59'),(2626,'Jesús     ','Ortuño','Araujo','docente','AIA','5520000060','b0@b.com','PBCD123456EFGHIJ60'),(2627,'Roberto     ','Jurado','Jiménez','docente','ACB','5520000061','b1@b.com','PBCD123456EFGHIJ61'),(2628,'Efren     ','Cruz','Carlin','docente','ACC','5520000062','b2@b.com','PBCD123456EFGHIJ62'),(2629,'Eric     ','Santiago','Valentín','docente','ACS','5520000063','b3@b.com','PBCD123456EFGHIJ63'),(2630,'Claudia Celia    ','Díaz','Huerta','docente','AFSE','5520000064','b4@b.com','PBCD123456EFGHIJ64'),(2631,'Juan Vicente    ','García','Sales','docente','AIS','5520000065','b5@b.com','PBCD123456EFGHIJ65'),(2632,'Joel     ','Nava','Lara','docente','APETD','5520000066','b6@b.com','PBCD123456EFGHIJ66'),(2633,'Cristhian Alejandro    ','Ávila','Sánchez','docente','ASDIG','5520000067','b7@b.com','PBCD123456EFGHIJ67'),(2634,'María Teresa    ','Rangel','Pérez','docente','ASDIS','5520000068','b8@b.com','PBCD123456EFGHIJ68'),(2635,'Raúl     ','Santillán','Luna','docente','ACD','5520000069','b9@b.com','PBCD123456EFGHIJ69'),(2636,'Rodolfo     ','Romero','Herrera','docente','AIA','5520000070','b0@b.com','PBCD123456EFGHIJ70'),(2637,'Jesús Alfredo    ','Martínez','Nuño','docente','ACB','5520000071','b1@b.com','PBCD123456EFGHIJ71'),(2638,'Jorge     ','Cortés','Galicia','docente','ACC','5520000072','b2@b.com','PBCD123456EFGHIJ72'),(2639,'Ricardo     ','Sánchez','Vélez','docente','ACS','5520000073','b3@b.com','PBCD123456EFGHIJ73'),(2640,'José Marco Antonio   ','Rueda','Meléndez','docente','AFSE','5520000074','b4@b.com','PBCD123456EFGHIJ74'),(2641,'Juan Manuel    ','Carballo','Jiménez','docente','AIS','5520000075','b5@b.com','PBCD123456EFGHIJ75'),(2642,'Jean     ','Ortega','González','docente','APETD','5520000076','b6@b.com','PBCD123456EFGHIJ76'),(2643,'Rafael     ','Ramírez','Tenorio','docente','ASDIG','5520000077','b7@b.com','PBCD123456EFGHIJ77'),(2644,'César Román    ','Martínez','García','docente','ASDIS','5520000078','b8@b.com','PBCD123456EFGHIJ78'),(2645,'Lilian     ','Martínez','Acosta','docente','ACD','5520000079','b9@b.com','PBCD123456EFGHIJ79'),(2646,'Enrique Alfonso    ','Carmona','García','docente','AIA','5520000080','b0@b.com','PBCD123456EFGHIJ80'),(2647,'Miguel Abel    ','León','Hernández','docente','ACB','5520000081','b1@b.com','PBCD123456EFGHIJ81'),(2648,'María Gabriela    ','Galiñanes','Rodríguez','docente','ACC','5520000082','b2@b.com','PBCD123456EFGHIJ82'),(2649,'Judith Margarita    ','Tirado','Lule','docente','ACS','5520000083','b3@b.com','PBCD123456EFGHIJ83'),(2650,'Ana Belem    ','Juárez','Mendez','docente','AFSE','5520000084','b4@b.com','PBCD123456EFGHIJ84'),(2651,'Cecilia     ','Albortante','Morato','docente','AIS','5520000085','b5@b.com','PBCD123456EFGHIJ85'),(2652,'Josefína     ','Hernández','Jaime','docente','APETD','5520000086','b6@b.com','PBCD123456EFGHIJ86'),(2653,'César     ','Mújica','Ascencio','docente','ASDIG','5520000087','b7@b.com','PBCD123456EFGHIJ87'),(2654,'Gumersindo     ','Vera','Hernández','docente','ASDIS','5520000088','b8@b.com','PBCD123456EFGHIJ88'),(2655,'Elsa Leticia    ','Arcos','Díaz','docente','ACD','5520000089','b9@b.com','PBCD123456EFGHIJ89'),(2656,'Fernando     ','Aguilar','Sánchez','docente','AIA','5520000090','b0@b.com','PBCD123456EFGHIJ90'),(2657,'José Gregorio    ','Rodríguez','Villarreal','docente','ACB','5520000091','b1@b.com','PBCD123456EFGHIJ91'),(2658,'Patricia     ','Mata','Gil','docente','ACC','5520000092','b2@b.com','PBCD123456EFGHIJ92'),(2659,'Iván     ','Díaz','Toalá','docente','ACS','5520000093','b3@b.com','PBCD123456EFGHIJ93'),(2660,'Héctor Manuel    ','Manzanilla','Granados','docente','AFSE','5520000094','b4@b.com','PBCD123456EFGHIJ94'),(2661,'Yasmín Ivette    ','Jiménez','Galán','docente','AIS','5520000095','b5@b.com','PBCD123456EFGHIJ95'),(2662,'Josue Emanuel    ','Barrón','Vera','docente','APETD','5520000096','b6@b.com','PBCD123456EFGHIJ96'),(2663,'Tlatoani de Jesús     ','Reyes','Bermejo','docente','ASDIG','5520000097','b7@b.com','PBCD123456EFGHIJ97'),(2664,'Ricardo Felipe    ','Díaz','Santiago','docente','ASDIS','5520000098','b8@b.com','PBCD123456EFGHIJ98'),(2665,'Jesús Roberto    ','González','Castillo','docente','ACD','5520000099','b9@b.com','PBCD123456EFGHIJ99'),(2666,'Ricardo     ','Ceballos','Sebastián','docente','AIA','5520000100','b00@b.com','PBCD123456EFGHIJ100'),(2667,'Ángel     ','Morales','González','docente','ACB','5520000101','b01@b.com','PBCD123456EFGHIJ101'),(2668,'Claudia     ','García','Blanquel','docente','ACC','5520000102','b02@b.com','PBCD123456EFGHIJ102'),(2669,'Juan Antonio    ','Castillo','Marrufo','docente','ACS','5520000103','b03@b.com','PBCD123456EFGHIJ103'),(2670,'Yanira     ','Pachuca','Herrera','docente','AFSE','5520000104','b04@b.com','PBCD123456EFGHIJ104'),(2671,'Alejandro     ','González','Cisneros','docente','AIS','5520000105','b05@b.com','PBCD123456EFGHIJ105'),(2672,'Yaxkin     ','Flores','Mendoza','docente','APETD','5520000106','b06@b.com','PBCD123456EFGHIJ106'),(2673,'Enrique     ','Torres','González','docente','ASDIG','5520000107','b07@b.com','PBCD123456EFGHIJ107'),(2674,'José Emilio    ','Sánchez','Arroyo','docente','ASDIS','5520000108','b08@b.com','PBCD123456EFGHIJ108'),(2675,'Leticia     ','Cañedo','Suárez','docente','ACD','5520000109','b09@b.com','PBCD123456EFGHIJ109'),(2676,'Daniel     ','Cruz','García','docente','AIA','5520000110','b10@b.com','PBCD123456EFGHIJ110'),(2677,'Carlos     ','Juárez','León','docente','ACB','5520000111','b11@b.com','PBCD123456EFGHIJ111'),(2678,'Sonia     ','Villegas','Navarrete','docente','ACC','5520000112','b12@b.com','PBCD123456EFGHIJ112'),(2679,'Apolinar Francisco    ','Cruz','Lázaro','docente','ACS','5520000113','b13@b.com','PBCD123456EFGHIJ113'),(2680,'Jorge Alberto    ','Cruz','Rojas','docente','AFSE','5520000114','b14@b.com','PBCD123456EFGHIJ114'),(2681,'Norma     ','Olalde','Mogollán','docente','AIS','5520000115','b15@b.com','PBCD123456EFGHIJ115'),(2682,'Yosafat     ','Moscoso','Malagón','docente','APETD','5520000116','b16@b.com','PBCD123456EFGHIJ116'),(2683,'José Cruz    ','Martínez','Perales','docente','ASDIG','5520000117','b17@b.com','PBCD123456EFGHIJ117'),(2684,'Gelacio     ','Castillo','Cabrera','docente','ASDIS','5520000118','b18@b.com','PBCD123456EFGHIJ118'),(2685,'David     ','Araujo','Díaz','docente','ACD','5520000119','b19@b.com','PBCD123456EFGHIJ119'),(2686,'Laura     ','Méndez','Segundo','docente','AIA','5520000120','b20@b.com','PBCD123456EFGHIJ120'),(2687,'Roberto Eswart    ','Zagal','Flores','docente','ACB','5520000121','b21@b.com','PBCD123456EFGHIJ121'),(2688,'Luz María    ','Sánchez','García','docente','ACC','5520000122','b22@b.com','PBCD123456EFGHIJ122'),(2689,'Nancy     ','Ocotitla','Rojas','docente','ACS','5520000123','b23@b.com','PBCD123456EFGHIJ123'),(2690,'Eduardo     ','Gutiérrez','Aldana','docente','AFSE','5520000124','b24@b.com','PBCD123456EFGHIJ124'),(2691,'Mario Augusto    ','Ramírez','Morales','docente','AIS','5520000125','b25@b.com','PBCD123456EFGHIJ125'),(2692,'Elizabeth     ','Moreno','Galván','docente','APETD','5520000126','b26@b.com','PBCD123456EFGHIJ126'),(2693,'Lorena     ','Chavarría','Báez','docente','ASDIG','5520000127','b27@b.com','PBCD123456EFGHIJ127'),(2694,'Verónica     ','Agustín','Domínguez','docente','ASDIS','5520000128','b28@b.com','PBCD123456EFGHIJ128'),(2695,'Andrés     ','Ortigoza','Campos','docente','ACD','5520000129','b29@b.com','PBCD123456EFGHIJ129'),(2696,'Daniel     ','Aguilar','Velázquez','docente','AIA','5520000130','b30@b.com','PBCD123456EFGHIJ130'),(2697,'Miguel     ','Sánchez','Brito','docente','ACB','5520000131','b31@b.com','PBCD123456EFGHIJ131'),(2698,'Ivan Eduardo    ','Blanco','Almazan','docente','ACC','5520000132','b32@b.com','PBCD123456EFGHIJ132'),(2699,'Serafín     ','Estrada','Elizalde','docente','ACS','5520000133','b33@b.com','PBCD123456EFGHIJ133'),(2700,'Sergio     ','Salinas','Lugo','docente','AFSE','5520000134','b34@b.com','PBCD123456EFGHIJ134'),(2701,'Maria Soledad    ','Centeno','Arrazola','docente','AIS','5520000135','b35@b.com','PBCD123456EFGHIJ135'),(2702,'Miguel Ángel    ','Rodríguez','Castillo','docente','APETD','5520000136','b36@b.com','PBCD123456EFGHIJ136'),(2703,'Claudia Alejandra    ','López','Rodríguez','docente','ASDIG','5520000137','b37@b.com','PBCD123456EFGHIJ137'),(2704,'Elia Tzindejhé    ','Ramírez','Martínez','docente','ASDIS','5520000138','b38@b.com','PBCD123456EFGHIJ138'),(2705,'José Carlos    ','Dávalos','López','docente','ACD','5520000139','b39@b.com','PBCD123456EFGHIJ139'),(2706,'Alfonso     ','Fernández','Vázquez','docente','AIA','5520000140','b40@b.com','PBCD123456EFGHIJ140'),(2707,'Christian René    ','Leal','Pacheco','docente','ACB','5520000141','b41@b.com','PBCD123456EFGHIJ141'),(2708,'Sandra Mercedes    ','Pérez','Vera','docente','ACC','5520000142','b42@b.com','PBCD123456EFGHIJ142'),(2709,'Edgar Armando    ','Catalán','Salgado','docente','ACS','5520000143','b43@b.com','PBCD123456EFGHIJ143'),(2710,'René Baltazar    ','Jiménez','Ruíz','docente','AFSE','5520000144','b44@b.com','PBCD123456EFGHIJ144'),(2711,'Andrés     ','García','Floriano','docente','AIS','5520000145','b45@b.com','PBCD123456EFGHIJ145'),(2712,'Edmundo René    ','Durán','Camarillo','docente','APETD','5520000146','b46@b.com','PBCD123456EFGHIJ146'),(2713,'Luis Moctezuma    ','Cervantes','Espinosa','docente','ASDIG','5520000147','b47@b.com','PBCD123456EFGHIJ147'),(2714,'Jessie Paulina    ','Guzmán','Flores','docente','ASDIS','5520000148','b48@b.com','PBCD123456EFGHIJ148'),(2715,'Ulises     ','Vélez','Saldaña','docente','ACD','5520000149','b49@b.com','PBCD123456EFGHIJ149'),(2716,'Reyna Elia    ','Melara','Abarca','docente','AIA','5520000150','b50@b.com','PBCD123456EFGHIJ150'),(2717,'Benjamín     ','Luna','Benoso','docente','ACB','5520000151','b51@b.com','PBCD123456EFGHIJ151'),(2718,'José Celestino Elías   ','Hernández','Secundino','docente','ACC','5520000152','b52@b.com','PBCD123456EFGHIJ152'),(2719,'Rafael     ','Aguilar','García','docente','ACS','5520000153','b53@b.com','PBCD123456EFGHIJ153'),(2720,'Rocío     ','Almazán','Farfán','docente','AFSE','5520000154','b54@b.com','PBCD123456EFGHIJ154'),(2721,'Jorge Javier    ','Silva','Martínez','docente','AIS','5520000155','b55@b.com','PBCD123456EFGHIJ155'),(2722,'Eduardo     ','Rodríguez','Flores','docente','APETD','5520000156','b56@b.com','PBCD123456EFGHIJ156'),(2723,'Benjamín     ','López','Carrera','docente','ASDIG','5520000157','b57@b.com','PBCD123456EFGHIJ157'),(2724,'Alexis     ','Testa','Nava','docente','ASDIS','5520000158','b58@b.com','PBCD123456EFGHIJ158'),(2725,'Sergio     ','Cancino','Calderón','docente','ACD','5520000159','b59@b.com','PBCD123456EFGHIJ159'),(2726,'Juan Carlos    ','Téllez','Barrera','docente','AIA','5520000160','b60@b.com','PBCD123456EFGHIJ160'),(2727,'Alejandra     ','Ramos','Porras','docente','ACB','5520000161','b61@b.com','PBCD123456EFGHIJ161'),(2728,'Daniel     ','Molina','Pérez','docente','ACC','5520000162','b62@b.com','PBCD123456EFGHIJ162'),(2729,'Mijaíl     ','Vázquez','Ortiz','docente','ACS','5520000163','b63@b.com','PBCD123456EFGHIJ163'),(2730,'Manuel     ','Salazar','Ramírez','docente','AFSE','5520000164','b64@b.com','PBCD123456EFGHIJ164'),(2731,'Raquel     ','Flores','Delgado','docente','AIS','5520000165','b65@b.com','PBCD123456EFGHIJ165'),(2732,'Jacqueline     ','Arzate','Gordillo','docente','APETD','5520000166','b66@b.com','PBCD123456EFGHIJ166'),(2733,'María del Rosario   ','Galeana','Chávez','docente','ASDIG','5520000167','b67@b.com','PBCD123456EFGHIJ167'),(2734,'Luis Octavio    ','López','Leyva','docente','ASDIS','5520000168','b68@b.com','PBCD123456EFGHIJ168'),(2735,'Luis Martin    ','Jiménez','Rodríguez','docente','ACD','5520000169','b69@b.com','PBCD123456EFGHIJ169'),(2736,'María de Lourdes   ','Salinas','Callejas','docente','AIA','5520000170','b70@b.com','PBCD123456EFGHIJ170'),(2737,'José Alfredo    ','Martínez','Guerrero','docente','ACB','5520000171','b71@b.com','PBCD123456EFGHIJ171'),(2738,'Juan Carlos    ','Morales','Cruz','docente','ACC','5520000172','b72@b.com','PBCD123456EFGHIJ172'),(2739,'Ituriel Enrique    ','Flores','Estrada','docente','ACS','5520000173','b73@b.com','PBCD123456EFGHIJ173'),(2740,'Ana Luz    ','Barrales','López','docente','AFSE','5520000174','b74@b.com','PBCD123456EFGHIJ174'),(2741,'Miriam     ','Pescador','Rojas','docente','AIS','5520000175','b75@b.com','PBCD123456EFGHIJ175'),(2742,'Alvaro     ','Salazar','Urbina','docente','APETD','5520000176','b76@b.com','PBCD123456EFGHIJ176'),(2743,'Benjamín     ','Cruz','Torres','docente','ASDIG','5520000177','b77@b.com','PBCD123456EFGHIJ177'),(2744,'Angeles Alejandra    ','Sánchez','Manilla','docente','ASDIS','5520000178','b78@b.com','PBCD123456EFGHIJ178'),(2745,'Sandra Ivette    ','Bautista','Rosales','docente','ACD','5520000179','b79@b.com','PBCD123456EFGHIJ179'),(2746,'Yemi Aurora    ','Canseco','Gutierrez','docente','AIA','5520000180','b80@b.com','PBCD123456EFGHIJ180'),(2747,'Gabriel de Jesús   ','Rodríguez','Jordán','docente','ACB','5520000181','b81@b.com','PBCD123456EFGHIJ181'),(2748,'Chadwick     ','Carreto','Arellano','docente','ACC','5520000182','b82@b.com','PBCD123456EFGHIJ182'),(2749,'Alejandro     ','López','Gómez','docente','ACS','5520000183','b83@b.com','PBCD123456EFGHIJ183'),(2750,'Rocio     ','García','Cortes','docente','AFSE','5520000184','b84@b.com','PBCD123456EFGHIJ184'),(2751,'Sandra Luz    ','Morales','Güitrón','docente','AIS','5520000185','b85@b.com','PBCD123456EFGHIJ185'),(2752,'María Elena    ','Cruz','Meza','docente','APETD','5520000186','b86@b.com','PBCD123456EFGHIJ186'),(2753,'Rubén     ','Peredo','Valderrama','docente','ASDIG','5520000187','b87@b.com','PBCD123456EFGHIJ187'),(2754,'Gabriela de Jesús   ','López','Ruíz','docente','ASDIS','5520000188','b88@b.com','PBCD123456EFGHIJ188'),(2755,'José Asunción    ','Enríquez','Zárate','docente','ACD','5520000189','b89@b.com','PBCD123456EFGHIJ189'),(2756,'Manuel Alejandro    ','Soto','Ramos','docente','AIA','5520000190','b90@b.com','PBCD123456EFGHIJ190'),(2757,'Oscar     ','Carranza','Castillo','docente','ACB','5520000191','b91@b.com','PBCD123456EFGHIJ191'),(2758,'Patricia     ','Escamilla','Miranda','docente','ACC','5520000192','b92@b.com','PBCD123456EFGHIJ192'),(2759,'Sandra     ','Díaz','Santiago','docente','ACS','5520000193','b93@b.com','PBCD123456EFGHIJ193'),(2760,'Fabián     ','Gaspar','Medina','docente','AFSE','5520000194','b94@b.com','PBCD123456EFGHIJ194'),(2761,'Ukranio     ','Coronilla','Contreras','docente','AIS','5520000195','b95@b.com','PBCD123456EFGHIJ195'),(2762,'Fanny     ','Sosa','Adán','docente','APETD','5520000196','b96@b.com','PBCD123456EFGHIJ196'),(2763,'Juan Carlos    ','Martínez','Díaz','docente','ASDIG','5520000197','b97@b.com','PBCD123456EFGHIJ197'),(2764,'Torre Ignacio    ','Ríos','de la Torre','docente','ASDIS','5520000198','b98@b.com','PBCD123456EFGHIJ198'),(2765,'Rosa Mónica    ','Rivera','de la Rosa','docente','ACD','5520000199','b99@b.com','PBCD123456EFGHIJ199'),(2766,'Santos Mondragón Tanibet   ','Pérez','de los Santos','docente','AIA','5520000200','b00@b.com','PBCD123456EFGHIJ200'),(2767,'Sandra Ivette    ','Bautista','Rosales','docente','ACB','5520000201','b01@b.com','PBCD123456EFGHIJ201'),(2768,'Gabriel     ','Hurtado','Avilés','docente','ACC','5520000202','b02@b.com','PBCD123456EFGHIJ202'),(2769,'Erick Eugenio    ','Linares','Vallejo','docente','ACS','5520000203','b03@b.com','PBCD123456EFGHIJ203'),(2770,'Israel     ','Salas','Ramirez','docente','AFSE','5520000204','b04@b.com','PBCD123456EFGHIJ204'),(2771,'José Antonio    ','Ortíz','Ramírez','docente','AIS','5520000205','b05@b.com','PBCD123456EFGHIJ205'),(2772,'Rodrigo     ','Ojeda','Santillan','docente','APETD','5520000206','b06@b.com','PBCD123456EFGHIJ206'),(2773,'Carlos Jesús    ','Pastrana','Fernández','docente','ASDIG','5520000207','b07@b.com','PBCD123456EFGHIJ207'),(2774,'José Luis    ','Hernández','Aguilar','docente','ASDIS','5520000208','b08@b.com','PBCD123456EFGHIJ208'),(2775,'José Alfredo    ','Jiménez','Benítez','docente','ACD','5520000209','b09@b.com','PBCD123456EFGHIJ209'),(2776,'Genaro     ','Juárez','Martínez','docente','AIA','5520000210','b10@b.com','PBCD123456EFGHIJ210'),(2777,'Vanessa Alejandra    ','Camacho','Vázquez','docente','ACB','5520000211','b11@b.com','PBCD123456EFGHIJ211'),(2778,'Miguel Jesús    ','Torres','Ruíz','docente','ACC','5520000212','b12@b.com','PBCD123456EFGHIJ212'),(2779,'Consuelo Varinia    ','García','Mendoza','docente','ACS','5520000213','b13@b.com','PBCD123456EFGHIJ213'),(2780,'Abdiel     ','Reyes','Vera','docente','AFSE','5520000214','b14@b.com','PBCD123456EFGHIJ214'),(2781,'Hugo     ','Díaz','Sánchez','docente','AIS','5520000215','b15@b.com','PBCD123456EFGHIJ215'),(2782,'Lizbeth Berenice    ','Herrera','Delgado','docente','APETD','5520000216','b16@b.com','PBCD123456EFGHIJ216'),(2783,'Fabiola     ','Ocampo','Botello','docente','ASDIG','5520000217','b17@b.com','PBCD123456EFGHIJ217'),(2784,'Horacio Alberto    ','García','Salas','docente','ASDIS','5520000218','b18@b.com','PBCD123456EFGHIJ218'),(2785,'José Felix    ','Serrano','Talamantes','docente','ACD','5520000219','b19@b.com','PBCD123456EFGHIJ219'),(2786,'Carlos     ','Lerma','Magaña','docente','AIA','5520000220','b20@b.com','PBCD123456EFGHIJ220'),(2787,'Abril Valeria    ','Uriarte','Arcia','docente','ACB','5520000221','b21@b.com','PBCD123456EFGHIJ221'),(2788,'Miguel Ángel    ','Castillo','Martínez','docente','ACC','5520000222','b22@b.com','PBCD123456EFGHIJ222'),(2789,'Luis Enrique    ','Hernández','Olvera','docente','ACS','5520000223','b23@b.com','PBCD123456EFGHIJ223'),(2790,'Margarita Elizabeth    ','Gómez','Mayorga','docente','AFSE','5520000224','b24@b.com','PBCD123456EFGHIJ224'),(2791,'Marisol     ','Rodríguez','Ordaz','docente','AIS','5520000225','b25@b.com','PBCD123456EFGHIJ225'),(2792,'Juan Jesús    ','Alcaraz','Torres','docente','APETD','5520000226','b26@b.com','PBCD123456EFGHIJ226'),(2793,'Gilberto     ','Sánchez','Quintanilla','docente','ASDIG','5520000227','b27@b.com','PBCD123456EFGHIJ227'),(2794,'Idalia     ','Maldonado','Castillo','docente','ASDIS','5520000228','b28@b.com','PBCD123456EFGHIJ228'),(2795,'María del Rosario   ','Rocha','Bernabé','docente','ACD','5520000229','b29@b.com','PBCD123456EFGHIJ229'),(2796,'Marisol     ','Rodríguez','Ordaz','docente','AIA','5520000230','b30@b.com','PBCD123456EFGHIJ230'),(2797,'Nidia Asunción    ','Cortez','Duarte','docente','ACB','5520000231','b31@b.com','PBCD123456EFGHIJ231'),(2798,'Marco Antonio    ','Tenorio','Marrón','docente','ACC','5520000232','b32@b.com','PBCD123456EFGHIJ232'),(2799,'María Elena    ','Aguilar','Juaregui','docente','ACS','5520000233','b33@b.com','PBCD123456EFGHIJ233'),(2800,'Rocío     ','Palacios','Solano','docente','AFSE','5520000234','b34@b.com','PBCD123456EFGHIJ234'),(2801,'Anda Ismael    ','Cervantes','De','docente','AIS','5520000235','b35@b.com','PBCD123456EFGHIJ235'),(2802,'Jaime Hugo    ','Puebla','Lomas','docente','APETD','5520000236','b36@b.com','PBCD123456EFGHIJ236'),(2803,'Leticia     ','Henestrosa','Carrasco','docente','ASDIG','5520000237','b37@b.com','PBCD123456EFGHIJ237'),(2804,'Ary Shared    ','Rosas','Carrillo','docente','ASDIS','5520000238','b38@b.com','PBCD123456EFGHIJ238'),(2805,'Gerardo     ','Alegría','Benítez','docente','ACD','5520000239','b39@b.com','PBCD123456EFGHIJ239'),(2806,'Joel Omar    ','Juárez','Gambino','docente','AIA','5520000240','b40@b.com','PBCD123456EFGHIJ240'),(2807,'Rodrigo Francisco    ','Román','Godínez','docente','ACB','5520000241','b41@b.com','PBCD123456EFGHIJ241'),(2808,'Enrique     ','Escalante','Notario','docente','ACC','5520000242','b42@b.com','PBCD123456EFGHIJ242'),(2809,'Moisés     ','Salinas','Rosales','docente','ACS','5520000243','b43@b.com','PBCD123456EFGHIJ243'),(2810,'Marco Antonio    ','Ortiz','Castillo','docente','AFSE','5520000244','b44@b.com','PBCD123456EFGHIJ244'),(2811,'Juan Irving    ','Vasquez','Gomez','docente','AIS','5520000245','b45@b.com','PBCD123456EFGHIJ245'),(2812,'Axel Ernesto    ','Moreno','Cervantes','docente','APETD','5520000246','b46@b.com','PBCD123456EFGHIJ246'),(2813,'Martha Rosa    ','Cordero','López','docente','ASDIG','5520000247','b47@b.com','PBCD123456EFGHIJ247'),(2814,'Ariel     ','López','Rojas','docente','ASDIS','5520000248','b48@b.com','PBCD123456EFGHIJ248'),(2815,'Adbel Anahí    ','Montes','Meza','docente','ACD','5520000249','b49@b.com','PBCD123456EFGHIJ249'),(2816,'Miguel Ángel    ','Alemán','Arce','docente','AIA','5520000250','b50@b.com','PBCD123456EFGHIJ250'),(2817,'Ismael     ','Rojas','Mexicano','docente','APETD','5520000251','b51@b.com','PBCD123456EFGHIJ251'),(2818,'Fernando Dante    ','Hernández','Aviles','docente','ASDIG','5520000252','b52@b.com','PBCD123456EFGHIJ252'),(2819,'Jorge Luis    ','Rosas','Trigueros','docente','ASDIS','5520000253','b53@b.com','PBCD123456EFGHIJ253'),(2820,'Alicia Marcela    ','Ramírez','Guzmán','docente','ACD','5520000254','b54@b.com','PBCD123456EFGHIJ254'),(2821,'Carlos     ','Silva','Sánchez','docente','AIA','5520000255','b55@b.com','PBCD123456EFGHIJ255'),(2822,'Ricardo     ','Martínez','Rosales','docente','ACB','5520000256','b56@b.com','PBCD123456EFGHIJ256'),(2823,'Allan Eduardo    ','Flores','Roque','docente','ACC','5520000257','b57@b.com','PBCD123456EFGHIJ257'),(2824,'Alejandro Sigfrido    ','Cifuentes','Álvarez','docente','ACS','5520000258','b58@b.com','PBCD123456EFGHIJ258'),(2825,'Carlos     ','Pineda','Guerrero','docente','AFSE','5520000259','b59@b.com','PBCD123456EFGHIJ259'),(2826,'Miguel Ángel    ','Maldonado','Muñoz','docente','AIS','5520000260','b60@b.com','PBCD123456EFGHIJ260'),(2827,'Araceli     ','Loyola','Espinosa','docente','APETD','5520000261','b61@b.com','PBCD123456EFGHIJ261'),(2828,'Rocío     ','Esparza','Salinas','docente','ASDIG','5520000262','b62@b.com','PBCD123456EFGHIJ262'),(2829,'Jorge     ','Ferrer','Tenorio','docente','ASDIS','5520000263','b63@b.com','PBCD123456EFGHIJ263'),(2830,'María del Pilar   ','Pérez','Hernádez','docente','ACD','5520000264','b64@b.com','PBCD123456EFGHIJ264'),(2831,'Mónica Rocío  Monserrat  ','Torres','León','docente','AIA','5520000265','b65@b.com','PBCD123456EFGHIJ265');
/*!40000 ALTER TABLE `profesores` ENABLE KEYS */;
UNLOCK TABLES;

--
-- Table structure for table `usuarios`
--

DROP TABLE IF EXISTS `usuarios`;
/*!40101 SET @saved_cs_client     = @@character_set_client */;
/*!50503 SET character_set_client = utf8mb4 */;
CREATE TABLE `usuarios` (
  `idusuario` int NOT NULL AUTO_INCREMENT,
  `contrasena` text,
  `boleta` int DEFAULT NULL,
  `idProfesores` int DEFAULT NULL,
  PRIMARY KEY (`idusuario`),
  KEY `fk_usuarios_alumnos1_idx` (`boleta`),
  KEY `fk_usuarios_profesores1_idx` (`idProfesores`),
  CONSTRAINT `fk_usuarios_alumnos1` FOREIGN KEY (`boleta`) REFERENCES `alumnos` (`boleta`) ON DELETE CASCADE ON UPDATE CASCADE,
  CONSTRAINT `fk_usuarios_profesores1` FOREIGN KEY (`idProfesores`) REFERENCES `profesores` (`idProfesores`) ON DELETE CASCADE ON UPDATE CASCADE
) ENGINE=InnoDB AUTO_INCREMENT=379 DEFAULT CHARSET=utf8mb4 COLLATE=utf8mb4_0900_ai_ci;
/*!40101 SET character_set_client = @saved_cs_client */;

--
-- Dumping data for table `usuarios`
--

LOCK TABLES `usuarios` WRITE;
/*!40000 ALTER TABLE `usuarios` DISABLE KEYS */;
INSERT INTO `usuarios` VALUES (3,'2024630001',2024630001,NULL),(4,'2024630002',2024630002,NULL),(5,'2024630003',2024630003,NULL),(6,'2024630004',2024630004,NULL),(7,'2024630005',2024630005,NULL),(8,'2024630006',2024630006,NULL),(9,'2024630007',2024630007,NULL),(10,'2024630008',2024630008,NULL),(11,'2024630009',2024630009,NULL),(12,'2024630010',2024630010,NULL),(13,'2024630011',2024630011,NULL),(14,'2024630012',2024630012,NULL),(15,'2024630013',2024630013,NULL),(16,'2024630014',2024630014,NULL),(17,'2024630015',2024630015,NULL),(18,'2024630016',2024630016,NULL),(19,'2024630017',2024630017,NULL),(20,'2024630018',2024630018,NULL),(21,'2024630019',2024630019,NULL),(22,'2024630020',2024630020,NULL),(23,'2024630021',2024630021,NULL),(24,'2024630022',2024630022,NULL),(25,'2024630023',2024630023,NULL),(26,'2024630024',2024630024,NULL),(27,'2024630025',2024630025,NULL),(28,'2024630026',2024630026,NULL),(29,'2024630027',2024630027,NULL),(30,'2024630028',2024630028,NULL),(31,'2024630029',2024630029,NULL),(32,'2024630030',2024630030,NULL),(33,'2024630031',2024630031,NULL),(34,'2024630032',2024630032,NULL),(35,'2024630033',2024630033,NULL),(36,'2024630034',2024630034,NULL),(37,'2024630035',2024630035,NULL),(38,'2024630036',2024630036,NULL),(39,'2024630037',2024630037,NULL),(40,'2024630038',2024630038,NULL),(41,'2024630039',2024630039,NULL),(42,'2024630040',2024630040,NULL),(43,'2024630041',2024630041,NULL),(44,'2024630042',2024630042,NULL),(45,'2024630043',2024630043,NULL),(46,'2024630044',2024630044,NULL),(47,'2024630045',2024630045,NULL),(48,'2024630046',2024630046,NULL),(49,'2024630047',2024630047,NULL),(50,'2024630048',2024630048,NULL),(51,'2024630049',2024630049,NULL),(52,'2024630050',2024630050,NULL),(53,'2024630051',2024630051,NULL),(54,'2024630052',2024630052,NULL),(55,'2024630053',2024630053,NULL),(56,'2024630054',2024630054,NULL),(57,'2024630055',2024630055,NULL),(58,'2024630056',2024630056,NULL),(59,'2024630057',2024630057,NULL),(60,'2024630058',2024630058,NULL),(61,'2024630059',2024630059,NULL),(62,'2024630060',2024630060,NULL),(63,'2024630061',2024630061,NULL),(64,'2024630062',2024630062,NULL),(65,'2024630063',2024630063,NULL),(66,'2024630064',2024630064,NULL),(67,'2024630065',2024630065,NULL),(68,'2024630066',2024630066,NULL),(69,'2024630067',2024630067,NULL),(70,'2024630068',2024630068,NULL),(71,'2024630069',2024630069,NULL),(72,'2024630070',2024630070,NULL),(73,'2024630071',2024630071,NULL),(74,'2024630072',2024630072,NULL),(75,'2024630073',2024630073,NULL),(76,'2024630074',2024630074,NULL),(77,'2024630075',2024630075,NULL),(78,'2024630076',2024630076,NULL),(79,'2024630077',2024630077,NULL),(80,'2024630078',2024630078,NULL),(81,'2024630079',2024630079,NULL),(82,'2024630080',2024630080,NULL),(83,'2024630081',2024630081,NULL),(84,'2024630082',2024630082,NULL),(85,'2024630083',2024630083,NULL),(86,'2024630084',2024630084,NULL),(87,'2024630085',2024630085,NULL),(88,'2024630086',2024630086,NULL),(89,'2024630087',2024630087,NULL),(90,'2024630088',2024630088,NULL),(91,'2024630089',2024630089,NULL),(92,'2024630090',2024630090,NULL),(93,'2024630091',2024630091,NULL),(94,'2024630092',2024630092,NULL),(95,'2024630093',2024630093,NULL),(96,'2024630094',2024630094,NULL),(97,'2024630095',2024630095,NULL),(98,'2024630096',2024630096,NULL),(99,'2024630097',2024630097,NULL),(100,'2024630098',2024630098,NULL),(101,'2024630099',2024630099,NULL),(102,'2024630100',2024630100,NULL),(103,'2567',NULL,2567),(104,'2568',NULL,2568),(105,'2569',NULL,2569),(106,'2570',NULL,2570),(107,'2571',NULL,2571),(108,'2572',NULL,2572),(109,'2573',NULL,2573),(110,'2574',NULL,2574),(111,'2575',NULL,2575),(112,'2576',NULL,2576),(113,'2577',NULL,2577),(114,'2578',NULL,2578),(115,'2579',NULL,2579),(116,'2580',NULL,2580),(117,'2581',NULL,2581),(118,'2582',NULL,2582),(119,'2583',NULL,2583),(120,'2584',NULL,2584),(121,'2585',NULL,2585),(122,'2586',NULL,2586),(123,'2587',NULL,2587),(124,'2588',NULL,2588),(125,'2589',NULL,2589),(126,'2590',NULL,2590),(127,'2591',NULL,2591),(128,'2592',NULL,2592),(129,'2593',NULL,2593),(130,'2594',NULL,2594),(131,'2595',NULL,2595),(132,'2596',NULL,2596),(133,'2597',NULL,2597),(134,'2598',NULL,2598),(135,'2599',NULL,2599),(136,'2600',NULL,2600),(137,'2601',NULL,2601),(138,'2602',NULL,2602),(139,'2603',NULL,2603),(140,'2604',NULL,2604),(141,'2605',NULL,2605),(142,'2606',NULL,2606),(143,'2607',NULL,2607),(144,'2608',NULL,2608),(145,'2609',NULL,2609),(146,'2610',NULL,2610),(147,'2611',NULL,2611),(148,'2612',NULL,2612),(149,'2613',NULL,2613),(150,'2614',NULL,2614),(151,'2615',NULL,2615),(152,'2616',NULL,2616),(153,'2617',NULL,2617),(154,'2618',NULL,2618),(155,'2619',NULL,2619),(156,'2620',NULL,2620),(157,'2621',NULL,2621),(158,'2622',NULL,2622),(159,'2623',NULL,2623),(160,'2624',NULL,2624),(161,'2625',NULL,2625),(162,'2626',NULL,2626),(163,'2627',NULL,2627),(164,'2628',NULL,2628),(165,'2629',NULL,2629),(166,'2630',NULL,2630),(167,'2631',NULL,2631),(168,'2632',NULL,2632),(169,'2633',NULL,2633),(170,'2634',NULL,2634),(171,'2635',NULL,2635),(172,'2636',NULL,2636),(173,'2637',NULL,2637),(174,'2638',NULL,2638),(175,'2639',NULL,2639),(176,'2640',NULL,2640),(177,'2641',NULL,2641),(178,'2642',NULL,2642),(179,'2643',NULL,2643),(180,'2644',NULL,2644),(181,'2645',NULL,2645),(182,'2646',NULL,2646),(183,'2647',NULL,2647),(184,'2648',NULL,2648),(185,'2649',NULL,2649),(186,'2650',NULL,2650),(187,'2651',NULL,2651),(188,'2652',NULL,2652),(189,'2653',NULL,2653),(190,'2654',NULL,2654),(191,'2655',NULL,2655),(192,'2656',NULL,2656),(193,'2657',NULL,2657),(194,'2658',NULL,2658),(195,'2659',NULL,2659),(196,'2660',NULL,2660),(197,'2661',NULL,2661),(198,'2662',NULL,2662),(199,'2663',NULL,2663),(200,'2664',NULL,2664),(201,'2665',NULL,2665),(202,'2666',NULL,2666),(203,'2667',NULL,2667),(204,'2668',NULL,2668),(205,'2669',NULL,2669),(206,'2670',NULL,2670),(207,'2671',NULL,2671),(208,'2672',NULL,2672),(209,'2673',NULL,2673),(210,'2674',NULL,2674),(211,'2675',NULL,2675),(212,'2676',NULL,2676),(213,'2677',NULL,2677),(214,'2678',NULL,2678),(215,'2679',NULL,2679),(216,'2680',NULL,2680),(217,'2681',NULL,2681),(218,'2682',NULL,2682),(219,'2683',NULL,2683),(220,'2684',NULL,2684),(221,'2685',NULL,2685),(222,'2686',NULL,2686),(223,'2687',NULL,2687),(224,'2688',NULL,2688),(225,'2689',NULL,2689),(226,'2690',NULL,2690),(227,'2691',NULL,2691),(228,'2692',NULL,2692),(229,'2693',NULL,2693),(230,'2694',NULL,2694),(231,'2695',NULL,2695),(232,'2696',NULL,2696),(233,'2697',NULL,2697),(234,'2698',NULL,2698),(235,'2699',NULL,2699),(236,'2700',NULL,2700),(237,'2701',NULL,2701),(238,'2702',NULL,2702),(239,'2703',NULL,2703),(240,'2704',NULL,2704),(241,'2705',NULL,2705),(242,'2706',NULL,2706),(243,'2707',NULL,2707),(244,'2708',NULL,2708),(245,'2709',NULL,2709),(246,'2710',NULL,2710),(247,'2711',NULL,2711),(248,'2712',NULL,2712),(249,'2713',NULL,2713),(250,'2714',NULL,2714),(251,'2715',NULL,2715),(252,'2716',NULL,2716),(253,'2717',NULL,2717),(254,'2718',NULL,2718),(255,'2719',NULL,2719),(256,'2720',NULL,2720),(257,'2721',NULL,2721),(258,'2722',NULL,2722),(259,'2723',NULL,2723),(260,'2724',NULL,2724),(261,'2725',NULL,2725),(262,'2726',NULL,2726),(263,'2727',NULL,2727),(264,'2728',NULL,2728),(265,'2729',NULL,2729),(266,'2730',NULL,2730),(267,'2731',NULL,2731),(268,'2732',NULL,2732),(269,'2733',NULL,2733),(270,'2734',NULL,2734),(271,'2735',NULL,2735),(272,'2736',NULL,2736),(273,'2737',NULL,2737),(274,'2738',NULL,2738),(275,'2739',NULL,2739),(276,'2740',NULL,2740),(277,'2741',NULL,2741),(278,'2742',NULL,2742),(279,'2743',NULL,2743),(280,'2744',NULL,2744),(281,'2745',NULL,2745),(282,'2746',NULL,2746),(283,'2747',NULL,2747),(284,'2748',NULL,2748),(285,'2749',NULL,2749),(286,'2750',NULL,2750),(287,'2751',NULL,2751),(288,'2752',NULL,2752),(289,'2753',NULL,2753),(290,'2754',NULL,2754),(291,'2755',NULL,2755),(292,'2756',NULL,2756),(293,'2757',NULL,2757),(294,'2758',NULL,2758),(295,'2759',NULL,2759),(296,'2760',NULL,2760),(297,'2761',NULL,2761),(298,'2762',NULL,2762),(299,'2763',NULL,2763),(300,'2764',NULL,2764),(301,'2765',NULL,2765),(302,'2766',NULL,2766),(303,'2767',NULL,2767),(304,'2768',NULL,2768),(305,'2769',NULL,2769),(306,'2770',NULL,2770),(307,'2771',NULL,2771),(308,'2772',NULL,2772),(309,'2773',NULL,2773),(310,'2774',NULL,2774),(311,'2775',NULL,2775),(312,'2776',NULL,2776),(313,'2777',NULL,2777),(314,'2778',NULL,2778),(315,'2779',NULL,2779),(316,'2780',NULL,2780),(317,'2781',NULL,2781),(318,'2782',NULL,2782),(319,'2783',NULL,2783),(320,'2784',NULL,2784),(321,'2785',NULL,2785),(322,'2786',NULL,2786),(323,'2787',NULL,2787),(324,'2788',NULL,2788),(325,'2789',NULL,2789),(326,'2790',NULL,2790),(327,'2791',NULL,2791),(328,'2792',NULL,2792),(329,'2793',NULL,2793),(330,'2794',NULL,2794),(331,'2795',NULL,2795),(332,'2796',NULL,2796),(333,'2797',NULL,2797),(334,'2798',NULL,2798),(335,'2799',NULL,2799),(336,'2800',NULL,2800),(337,'2801',NULL,2801),(338,'2802',NULL,2802),(339,'2803',NULL,2803),(340,'2804',NULL,2804),(341,'2805',NULL,2805),(342,'2806',NULL,2806),(343,'2807',NULL,2807),(344,'2808',NULL,2808),(345,'2809',NULL,2809),(346,'2810',NULL,2810),(347,'2811',NULL,2811),(348,'2812',NULL,2812),(349,'2813',NULL,2813),(350,'2814',NULL,2814),(351,'2815',NULL,2815),(352,'2816',NULL,2816),(353,'2817',NULL,2817),(354,'2818',NULL,2818),(355,'2819',NULL,2819),(356,'2820',NULL,2820),(357,'2821',NULL,2821),(358,'2822',NULL,2822),(359,'2823',NULL,2823),(360,'2824',NULL,2824),(361,'2825',NULL,2825),(362,'2826',NULL,2826),(363,'2827',NULL,2827),(364,'2828',NULL,2828),(365,'2829',NULL,2829),(366,'2830',NULL,2830),(367,'2831',NULL,2831),(368,'2013',NULL,2013),(369,'2014',NULL,2014),(370,'2015',NULL,2015),(371,'2016',NULL,2016),(372,'2017',NULL,2017),(373,'2018',NULL,2018),(374,'2019',NULL,2019),(375,'2020',NULL,2020),(376,'2021',NULL,2021),(377,'2022',NULL,2022),(378,'hola',202,NULL);
/*!40000 ALTER TABLE `usuarios` ENABLE KEYS */;
UNLOCK TABLES;
/*!40103 SET TIME_ZONE=@OLD_TIME_ZONE */;

/*!40101 SET SQL_MODE=@OLD_SQL_MODE */;
/*!40014 SET FOREIGN_KEY_CHECKS=@OLD_FOREIGN_KEY_CHECKS */;
/*!40014 SET UNIQUE_CHECKS=@OLD_UNIQUE_CHECKS */;
/*!40101 SET CHARACTER_SET_CLIENT=@OLD_CHARACTER_SET_CLIENT */;
/*!40101 SET CHARACTER_SET_RESULTS=@OLD_CHARACTER_SET_RESULTS */;
/*!40101 SET COLLATION_CONNECTION=@OLD_COLLATION_CONNECTION */;
/*!40111 SET SQL_NOTES=@OLD_SQL_NOTES */;

-- Dump completed on 2025-01-11  2:59:16
